dataset,task,model,model_name,metric,metric_name,outcome,outcome_name,paradigm,expected_methods,observed_methods,missing_methods,n_targets_any_paradigm_method,n_complete_targets,complete_target_fraction
sib200_mt5,sib200,mt5,mT5,f1_score,F1/LAS,performance_loss_pct,PL (%),Individual,Genetic; Typological; Geographic; Script; ASJP; Wikipedia size,ASJP; Composite-Equal; Composite-RRF; Genetic; Geographic; LightGBM; MLP; Script; Typological; Wikipedia size,,185,185,1.0
sib200_mt5,sib200,mt5,mT5,f1_score,F1/LAS,performance_loss_pct,PL (%),Composite,Composite-Equal; Composite-RRF,ASJP; Composite-Equal; Composite-RRF; Genetic; Geographic; LightGBM; MLP; Script; Typological; Wikipedia size,,185,185,1.0
sib200_mt5,sib200,mt5,mT5,f1_score,F1/LAS,performance_loss_pct,PL (%),Trained,LightGBM; MLP,ASJP; Composite-Equal; Composite-RRF; Genetic; Geographic; LightGBM; MLP; Script; Typological; Wikipedia size,,185,185,1.0
sib200_xlm-r,sib200,xlm-r,XLM-R,f1_score,F1/LAS,performance_loss_pct,PL (%),Individual,Genetic; Typological; Geographic; Script; ASJP; Wikipedia size,ASJP; Composite-Equal; Composite-RRF; Genetic; Geographic; LightGBM; MLP; Script; Typological; Wikipedia size,,185,185,1.0
sib200_xlm-r,sib200,xlm-r,XLM-R,f1_score,F1/LAS,performance_loss_pct,PL (%),Composite,Composite-Equal; Composite-RRF,ASJP; Composite-Equal; Composite-RRF; Genetic; Geographic; LightGBM; MLP; Script; Typological; Wikipedia size,,185,185,1.0
sib200_xlm-r,sib200,xlm-r,XLM-R,f1_score,F1/LAS,performance_loss_pct,PL (%),Trained,LightGBM; MLP,ASJP; Composite-Equal; Composite-RRF; Genetic; Geographic; LightGBM; MLP; Script; Typological; Wikipedia size,,185,185,1.0
taxi1500_mt5,taxi1500,mt5,mT5,f1_score,F1/LAS,performance_loss_pct,PL (%),Individual,Genetic; Typological; Geographic; Script; ASJP; Wikipedia size,ASJP; Composite-Equal; Composite-RRF; Genetic; Geographic; LightGBM; MLP; Script; Typological; Wikipedia size,,762,762,1.0
taxi1500_mt5,taxi1500,mt5,mT5,f1_score,F1/LAS,performance_loss_pct,PL (%),Composite,Composite-Equal; Composite-RRF,ASJP; Composite-Equal; Composite-RRF; Genetic; Geographic; LightGBM; MLP; Script; Typological; Wikipedia size,,762,762,1.0
taxi1500_mt5,taxi1500,mt5,mT5,f1_score,F1/LAS,performance_loss_pct,PL (%),Trained,LightGBM; MLP,ASJP; Composite-Equal; Composite-RRF; Genetic; Geographic; LightGBM; MLP; Script; Typological; Wikipedia size,,762,762,1.0
taxi1500_xlm-r,taxi1500,xlm-r,XLM-R,f1_score,F1/LAS,performance_loss_pct,PL (%),Individual,Genetic; Typological; Geographic; Script; ASJP; Wikipedia size,ASJP; Composite-Equal; Composite-RRF; Genetic; Geographic; LightGBM; MLP; Script; Typological; Wikipedia size,,762,762,1.0
taxi1500_xlm-r,taxi1500,xlm-r,XLM-R,f1_score,F1/LAS,performance_loss_pct,PL (%),Composite,Composite-Equal; Composite-RRF,ASJP; Composite-Equal; Composite-RRF; Genetic; Geographic; LightGBM; MLP; Script; Typological; Wikipedia size,,762,762,1.0
taxi1500_xlm-r,taxi1500,xlm-r,XLM-R,f1_score,F1/LAS,performance_loss_pct,PL (%),Trained,LightGBM; MLP,ASJP; Composite-Equal; Composite-RRF; Genetic; Geographic; LightGBM; MLP; Script; Typological; Wikipedia size,,762,762,1.0
tydiqa_mt5,tydiqa,mt5,mT5,f1_score,F1/LAS,performance_loss_pct,PL (%),Individual,Genetic; Typological; Geographic; Script; ASJP; Wikipedia size,ASJP; Composite-Equal; Composite-RRF; Genetic; Geographic; LightGBM; MLP; Script; Typological; Wikipedia size,,9,9,1.0
tydiqa_mt5,tydiqa,mt5,mT5,f1_score,F1/LAS,performance_loss_pct,PL (%),Composite,Composite-Equal; Composite-RRF,ASJP; Composite-Equal; Composite-RRF; Genetic; Geographic; LightGBM; MLP; Script; Typological; Wikipedia size,,9,9,1.0
tydiqa_mt5,tydiqa,mt5,mT5,f1_score,F1/LAS,performance_loss_pct,PL (%),Trained,LightGBM; MLP,ASJP; Composite-Equal; Composite-RRF; Genetic; Geographic; LightGBM; MLP; Script; Typological; Wikipedia size,,9,9,1.0
tydiqa_xlm-r,tydiqa,xlm-r,XLM-R,f1_score,F1/LAS,performance_loss_pct,PL (%),Individual,Genetic; Typological; Geographic; Script; ASJP; Wikipedia size,ASJP; Composite-Equal; Composite-RRF; Genetic; Geographic; LightGBM; MLP; Script; Typological; Wikipedia size,,9,9,1.0
tydiqa_xlm-r,tydiqa,xlm-r,XLM-R,f1_score,F1/LAS,performance_loss_pct,PL (%),Composite,Composite-Equal; Composite-RRF,ASJP; Composite-Equal; Composite-RRF; Genetic; Geographic; LightGBM; MLP; Script; Typological; Wikipedia size,,9,9,1.0
tydiqa_xlm-r,tydiqa,xlm-r,XLM-R,f1_score,F1/LAS,performance_loss_pct,PL (%),Trained,LightGBM; MLP,ASJP; Composite-Equal; Composite-RRF; Genetic; Geographic; LightGBM; MLP; Script; Typological; Wikipedia size,,9,9,1.0
ud_dep_xlm-r,ud_dep,xlm-r,XLM-R,las,F1/LAS,performance_loss_pct,PL (%),Individual,Genetic; Typological; Geographic; Script; ASJP; Wikipedia size,ASJP; Composite-Equal; Composite-RRF; Genetic; Geographic; LightGBM; MLP; Script; Typological; Wikipedia size,,147,147,1.0
ud_dep_xlm-r,ud_dep,xlm-r,XLM-R,las,F1/LAS,performance_loss_pct,PL (%),Composite,Composite-Equal; Composite-RRF,ASJP; Composite-Equal; Composite-RRF; Genetic; Geographic; LightGBM; MLP; Script; Typological; Wikipedia size,,147,147,1.0
ud_dep_xlm-r,ud_dep,xlm-r,XLM-R,las,F1/LAS,performance_loss_pct,PL (%),Trained,LightGBM; MLP,ASJP; Composite-Equal; Composite-RRF; Genetic; Geographic; LightGBM; MLP; Script; Typological; Wikipedia size,,147,147,1.0
ud_pos_mt5,ud_pos,mt5,mT5,f1_score,F1/LAS,performance_loss_pct,PL (%),Individual,Genetic; Typological; Geographic; Script; ASJP; Wikipedia size,ASJP; Composite-Equal; Composite-RRF; Genetic; Geographic; LightGBM; MLP; Script; Typological; Wikipedia size,,147,147,1.0
ud_pos_mt5,ud_pos,mt5,mT5,f1_score,F1/LAS,performance_loss_pct,PL (%),Composite,Composite-Equal; Composite-RRF,ASJP; Composite-Equal; Composite-RRF; Genetic; Geographic; LightGBM; MLP; Script; Typological; Wikipedia size,,147,147,1.0
ud_pos_mt5,ud_pos,mt5,mT5,f1_score,F1/LAS,performance_loss_pct,PL (%),Trained,LightGBM; MLP,ASJP; Composite-Equal; Composite-RRF; Genetic; Geographic; LightGBM; MLP; Script; Typological; Wikipedia size,,147,147,1.0
ud_pos_xlm-r,ud_pos,xlm-r,XLM-R,f1_score,F1/LAS,performance_loss_pct,PL (%),Individual,Genetic; Typological; Geographic; Script; ASJP; Wikipedia size,ASJP; Composite-Equal; Composite-RRF; Genetic; Geographic; LightGBM; MLP; Script; Typological; Wikipedia size,,147,147,1.0
ud_pos_xlm-r,ud_pos,xlm-r,XLM-R,f1_score,F1/LAS,performance_loss_pct,PL (%),Composite,Composite-Equal; Composite-RRF,ASJP; Composite-Equal; Composite-RRF; Genetic; Geographic; LightGBM; MLP; Script; Typological; Wikipedia size,,147,147,1.0
ud_pos_xlm-r,ud_pos,xlm-r,XLM-R,f1_score,F1/LAS,performance_loss_pct,PL (%),Trained,LightGBM; MLP,ASJP; Composite-Equal; Composite-RRF; Genetic; Geographic; LightGBM; MLP; Script; Typological; Wikipedia size,,147,147,1.0
wikiann_mt5,wikiann,mt5,mT5,f1_score,F1/LAS,performance_loss_pct,PL (%),Individual,Genetic; Typological; Geographic; Script; ASJP; Wikipedia size,ASJP; Composite-Equal; Composite-RRF; Genetic; Geographic; LightGBM; MLP; Script; Typological; Wikipedia size,,144,144,1.0
wikiann_mt5,wikiann,mt5,mT5,f1_score,F1/LAS,performance_loss_pct,PL (%),Composite,Composite-Equal; Composite-RRF,ASJP; Composite-Equal; Composite-RRF; Genetic; Geographic; LightGBM; MLP; Script; Typological; Wikipedia size,,144,144,1.0
wikiann_mt5,wikiann,mt5,mT5,f1_score,F1/LAS,performance_loss_pct,PL (%),Trained,LightGBM; MLP,ASJP; Composite-Equal; Composite-RRF; Genetic; Geographic; LightGBM; MLP; Script; Typological; Wikipedia size,,144,144,1.0
wikiann_xlm-r,wikiann,xlm-r,XLM-R,f1_score,F1/LAS,performance_loss_pct,PL (%),Individual,Genetic; Typological; Geographic; Script; ASJP; Wikipedia size,ASJP; Composite-Equal; Composite-RRF; Genetic; Geographic; LightGBM; MLP; Script; Typological; Wikipedia size,,144,144,1.0
wikiann_xlm-r,wikiann,xlm-r,XLM-R,f1_score,F1/LAS,performance_loss_pct,PL (%),Composite,Composite-Equal; Composite-RRF,ASJP; Composite-Equal; Composite-RRF; Genetic; Geographic; LightGBM; MLP; Script; Typological; Wikipedia size,,144,144,1.0
wikiann_xlm-r,wikiann,xlm-r,XLM-R,f1_score,F1/LAS,performance_loss_pct,PL (%),Trained,LightGBM; MLP,ASJP; Composite-Equal; Composite-RRF; Genetic; Geographic; LightGBM; MLP; Script; Typological; Wikipedia size,,144,144,1.0
xnli_mt5,xnli,mt5,mT5,f1_score,F1/LAS,performance_loss_pct,PL (%),Individual,Genetic; Typological; Geographic; Script; ASJP; Wikipedia size,ASJP; Composite-Equal; Composite-RRF; Genetic; Geographic; LightGBM; MLP; Script; Typological; Wikipedia size,,15,15,1.0
xnli_mt5,xnli,mt5,mT5,f1_score,F1/LAS,performance_loss_pct,PL (%),Composite,Composite-Equal; Composite-RRF,ASJP; Composite-Equal; Composite-RRF; Genetic; Geographic; LightGBM; MLP; Script; Typological; Wikipedia size,,15,15,1.0
xnli_mt5,xnli,mt5,mT5,f1_score,F1/LAS,performance_loss_pct,PL (%),Trained,LightGBM; MLP,ASJP; Composite-Equal; Composite-RRF; Genetic; Geographic; LightGBM; MLP; Script; Typological; Wikipedia size,,15,15,1.0
xnli_xlm-r,xnli,xlm-r,XLM-R,f1_score,F1/LAS,performance_loss_pct,PL (%),Individual,Genetic; Typological; Geographic; Script; ASJP; Wikipedia size,ASJP; Composite-Equal; Composite-RRF; Genetic; Geographic; LightGBM; MLP; Script; Typological; Wikipedia size,,15,15,1.0
xnli_xlm-r,xnli,xlm-r,XLM-R,f1_score,F1/LAS,performance_loss_pct,PL (%),Composite,Composite-Equal; Composite-RRF,ASJP; Composite-Equal; Composite-RRF; Genetic; Geographic; LightGBM; MLP; Script; Typological; Wikipedia size,,15,15,1.0
xnli_xlm-r,xnli,xlm-r,XLM-R,f1_score,F1/LAS,performance_loss_pct,PL (%),Trained,LightGBM; MLP,ASJP; Composite-Equal; Composite-RRF; Genetic; Geographic; LightGBM; MLP; Script; Typological; Wikipedia size,,15,15,1.0
xquad_mt5,xquad,mt5,mT5,f1_score,F1/LAS,performance_loss_pct,PL (%),Individual,Genetic; Typological; Geographic; Script; ASJP; Wikipedia size,ASJP; Composite-Equal; Composite-RRF; Genetic; Geographic; LightGBM; MLP; Script; Typological; Wikipedia size,,12,12,1.0
xquad_mt5,xquad,mt5,mT5,f1_score,F1/LAS,performance_loss_pct,PL (%),Composite,Composite-Equal; Composite-RRF,ASJP; Composite-Equal; Composite-RRF; Genetic; Geographic; LightGBM; MLP; Script; Typological; Wikipedia size,,12,12,1.0
xquad_mt5,xquad,mt5,mT5,f1_score,F1/LAS,performance_loss_pct,PL (%),Trained,LightGBM; MLP,ASJP; Composite-Equal; Composite-RRF; Genetic; Geographic; LightGBM; MLP; Script; Typological; Wikipedia size,,12,12,1.0
xquad_xlm-r,xquad,xlm-r,XLM-R,f1_score,F1/LAS,performance_loss_pct,PL (%),Individual,Genetic; Typological; Geographic; Script; ASJP; Wikipedia size,ASJP; Composite-Equal; Composite-RRF; Genetic; Geographic; LightGBM; MLP; Script; Typological; Wikipedia size,,12,12,1.0
xquad_xlm-r,xquad,xlm-r,XLM-R,f1_score,F1/LAS,performance_loss_pct,PL (%),Composite,Composite-Equal; Composite-RRF,ASJP; Composite-Equal; Composite-RRF; Genetic; Geographic; LightGBM; MLP; Script; Typological; Wikipedia size,,12,12,1.0
xquad_xlm-r,xquad,xlm-r,XLM-R,f1_score,F1/LAS,performance_loss_pct,PL (%),Trained,LightGBM; MLP,ASJP; Composite-Equal; Composite-RRF; Genetic; Geographic; LightGBM; MLP; Script; Typological; Wikipedia size,,12,12,1.0
sib200_mt5,sib200,mt5,mT5,f1_score,F1/LAS,raw_oracle_gap_points,Raw gap,Individual,Genetic; Typological; Geographic; Script; ASJP; Wikipedia size,ASJP; Composite-Equal; Composite-RRF; Genetic; Geographic; LightGBM; MLP; Script; Typological; Wikipedia size,,185,185,1.0
sib200_mt5,sib200,mt5,mT5,f1_score,F1/LAS,raw_oracle_gap_points,Raw gap,Composite,Composite-Equal; Composite-RRF,ASJP; Composite-Equal; Composite-RRF; Genetic; Geographic; LightGBM; MLP; Script; Typological; Wikipedia size,,185,185,1.0
sib200_mt5,sib200,mt5,mT5,f1_score,F1/LAS,raw_oracle_gap_points,Raw gap,Trained,LightGBM; MLP,ASJP; Composite-Equal; Composite-RRF; Genetic; Geographic; LightGBM; MLP; Script; Typological; Wikipedia size,,185,185,1.0
sib200_xlm-r,sib200,xlm-r,XLM-R,f1_score,F1/LAS,raw_oracle_gap_points,Raw gap,Individual,Genetic; Typological; Geographic; Script; ASJP; Wikipedia size,ASJP; Composite-Equal; Composite-RRF; Genetic; Geographic; LightGBM; MLP; Script; Typological; Wikipedia size,,185,185,1.0
sib200_xlm-r,sib200,xlm-r,XLM-R,f1_score,F1/LAS,raw_oracle_gap_points,Raw gap,Composite,Composite-Equal; Composite-RRF,ASJP; Composite-Equal; Composite-RRF; Genetic; Geographic; LightGBM; MLP; Script; Typological; Wikipedia size,,185,185,1.0
sib200_xlm-r,sib200,xlm-r,XLM-R,f1_score,F1/LAS,raw_oracle_gap_points,Raw gap,Trained,LightGBM; MLP,ASJP; Composite-Equal; Composite-RRF; Genetic; Geographic; LightGBM; MLP; Script; Typological; Wikipedia size,,185,185,1.0
taxi1500_mt5,taxi1500,mt5,mT5,f1_score,F1/LAS,raw_oracle_gap_points,Raw gap,Individual,Genetic; Typological; Geographic; Script; ASJP; Wikipedia size,ASJP; Composite-Equal; Composite-RRF; Genetic; Geographic; LightGBM; MLP; Script; Typological; Wikipedia size,,762,762,1.0
taxi1500_mt5,taxi1500,mt5,mT5,f1_score,F1/LAS,raw_oracle_gap_points,Raw gap,Composite,Composite-Equal; Composite-RRF,ASJP; Composite-Equal; Composite-RRF; Genetic; Geographic; LightGBM; MLP; Script; Typological; Wikipedia size,,762,762,1.0
taxi1500_mt5,taxi1500,mt5,mT5,f1_score,F1/LAS,raw_oracle_gap_points,Raw gap,Trained,LightGBM; MLP,ASJP; Composite-Equal; Composite-RRF; Genetic; Geographic; LightGBM; MLP; Script; Typological; Wikipedia size,,762,762,1.0
taxi1500_xlm-r,taxi1500,xlm-r,XLM-R,f1_score,F1/LAS,raw_oracle_gap_points,Raw gap,Individual,Genetic; Typological; Geographic; Script; ASJP; Wikipedia size,ASJP; Composite-Equal; Composite-RRF; Genetic; Geographic; LightGBM; MLP; Script; Typological; Wikipedia size,,762,762,1.0
taxi1500_xlm-r,taxi1500,xlm-r,XLM-R,f1_score,F1/LAS,raw_oracle_gap_points,Raw gap,Composite,Composite-Equal; Composite-RRF,ASJP; Composite-Equal; Composite-RRF; Genetic; Geographic; LightGBM; MLP; Script; Typological; Wikipedia size,,762,762,1.0
taxi1500_xlm-r,taxi1500,xlm-r,XLM-R,f1_score,F1/LAS,raw_oracle_gap_points,Raw gap,Trained,LightGBM; MLP,ASJP; Composite-Equal; Composite-RRF; Genetic; Geographic; LightGBM; MLP; Script; Typological; Wikipedia size,,762,762,1.0
tydiqa_mt5,tydiqa,mt5,mT5,f1_score,F1/LAS,raw_oracle_gap_points,Raw gap,Individual,Genetic; Typological; Geographic; Script; ASJP; Wikipedia size,ASJP; Composite-Equal; Composite-RRF; Genetic; Geographic; LightGBM; MLP; Script; Typological; Wikipedia size,,9,9,1.0
tydiqa_mt5,tydiqa,mt5,mT5,f1_score,F1/LAS,raw_oracle_gap_points,Raw gap,Composite,Composite-Equal; Composite-RRF,ASJP; Composite-Equal; Composite-RRF; Genetic; Geographic; LightGBM; MLP; Script; Typological; Wikipedia size,,9,9,1.0
tydiqa_mt5,tydiqa,mt5,mT5,f1_score,F1/LAS,raw_oracle_gap_points,Raw gap,Trained,LightGBM; MLP,ASJP; Composite-Equal; Composite-RRF; Genetic; Geographic; LightGBM; MLP; Script; Typological; Wikipedia size,,9,9,1.0
tydiqa_xlm-r,tydiqa,xlm-r,XLM-R,f1_score,F1/LAS,raw_oracle_gap_points,Raw gap,Individual,Genetic; Typological; Geographic; Script; ASJP; Wikipedia size,ASJP; Composite-Equal; Composite-RRF; Genetic; Geographic; LightGBM; MLP; Script; Typological; Wikipedia size,,9,9,1.0
tydiqa_xlm-r,tydiqa,xlm-r,XLM-R,f1_score,F1/LAS,raw_oracle_gap_points,Raw gap,Composite,Composite-Equal; Composite-RRF,ASJP; Composite-Equal; Composite-RRF; Genetic; Geographic; LightGBM; MLP; Script; Typological; Wikipedia size,,9,9,1.0
tydiqa_xlm-r,tydiqa,xlm-r,XLM-R,f1_score,F1/LAS,raw_oracle_gap_points,Raw gap,Trained,LightGBM; MLP,ASJP; Composite-Equal; Composite-RRF; Genetic; Geographic; LightGBM; MLP; Script; Typological; Wikipedia size,,9,9,1.0
ud_dep_xlm-r,ud_dep,xlm-r,XLM-R,las,F1/LAS,raw_oracle_gap_points,Raw gap,Individual,Genetic; Typological; Geographic; Script; ASJP; Wikipedia size,ASJP; Composite-Equal; Composite-RRF; Genetic; Geographic; LightGBM; MLP; Script; Typological; Wikipedia size,,147,147,1.0
ud_dep_xlm-r,ud_dep,xlm-r,XLM-R,las,F1/LAS,raw_oracle_gap_points,Raw gap,Composite,Composite-Equal; Composite-RRF,ASJP; Composite-Equal; Composite-RRF; Genetic; Geographic; LightGBM; MLP; Script; Typological; Wikipedia size,,147,147,1.0
ud_dep_xlm-r,ud_dep,xlm-r,XLM-R,las,F1/LAS,raw_oracle_gap_points,Raw gap,Trained,LightGBM; MLP,ASJP; Composite-Equal; Composite-RRF; Genetic; Geographic; LightGBM; MLP; Script; Typological; Wikipedia size,,147,147,1.0
ud_pos_mt5,ud_pos,mt5,mT5,f1_score,F1/LAS,raw_oracle_gap_points,Raw gap,Individual,Genetic; Typological; Geographic; Script; ASJP; Wikipedia size,ASJP; Composite-Equal; Composite-RRF; Genetic; Geographic; LightGBM; MLP; Script; Typological; Wikipedia size,,147,147,1.0
ud_pos_mt5,ud_pos,mt5,mT5,f1_score,F1/LAS,raw_oracle_gap_points,Raw gap,Composite,Composite-Equal; Composite-RRF,ASJP; Composite-Equal; Composite-RRF; Genetic; Geographic; LightGBM; MLP; Script; Typological; Wikipedia size,,147,147,1.0
ud_pos_mt5,ud_pos,mt5,mT5,f1_score,F1/LAS,raw_oracle_gap_points,Raw gap,Trained,LightGBM; MLP,ASJP; Composite-Equal; Composite-RRF; Genetic; Geographic; LightGBM; MLP; Script; Typological; Wikipedia size,,147,147,1.0
ud_pos_xlm-r,ud_pos,xlm-r,XLM-R,f1_score,F1/LAS,raw_oracle_gap_points,Raw gap,Individual,Genetic; Typological; Geographic; Script; ASJP; Wikipedia size,ASJP; Composite-Equal; Composite-RRF; Genetic; Geographic; LightGBM; MLP; Script; Typological; Wikipedia size,,147,147,1.0
ud_pos_xlm-r,ud_pos,xlm-r,XLM-R,f1_score,F1/LAS,raw_oracle_gap_points,Raw gap,Composite,Composite-Equal; Composite-RRF,ASJP; Composite-Equal; Composite-RRF; Genetic; Geographic; LightGBM; MLP; Script; Typological; Wikipedia size,,147,147,1.0
ud_pos_xlm-r,ud_pos,xlm-r,XLM-R,f1_score,F1/LAS,raw_oracle_gap_points,Raw gap,Trained,LightGBM; MLP,ASJP; Composite-Equal; Composite-RRF; Genetic; Geographic; LightGBM; MLP; Script; Typological; Wikipedia size,,147,147,1.0
wikiann_mt5,wikiann,mt5,mT5,f1_score,F1/LAS,raw_oracle_gap_points,Raw gap,Individual,Genetic; Typological; Geographic; Script; ASJP; Wikipedia size,ASJP; Composite-Equal; Composite-RRF; Genetic; Geographic; LightGBM; MLP; Script; Typological; Wikipedia size,,144,144,1.0
wikiann_mt5,wikiann,mt5,mT5,f1_score,F1/LAS,raw_oracle_gap_points,Raw gap,Composite,Composite-Equal; Composite-RRF,ASJP; Composite-Equal; Composite-RRF; Genetic; Geographic; LightGBM; MLP; Script; Typological; Wikipedia size,,144,144,1.0
wikiann_mt5,wikiann,mt5,mT5,f1_score,F1/LAS,raw_oracle_gap_points,Raw gap,Trained,LightGBM; MLP,ASJP; Composite-Equal; Composite-RRF; Genetic; Geographic; LightGBM; MLP; Script; Typological; Wikipedia size,,144,144,1.0
wikiann_xlm-r,wikiann,xlm-r,XLM-R,f1_score,F1/LAS,raw_oracle_gap_points,Raw gap,Individual,Genetic; Typological; Geographic; Script; ASJP; Wikipedia size,ASJP; Composite-Equal; Composite-RRF; Genetic; Geographic; LightGBM; MLP; Script; Typological; Wikipedia size,,144,144,1.0
wikiann_xlm-r,wikiann,xlm-r,XLM-R,f1_score,F1/LAS,raw_oracle_gap_points,Raw gap,Composite,Composite-Equal; Composite-RRF,ASJP; Composite-Equal; Composite-RRF; Genetic; Geographic; LightGBM; MLP; Script; Typological; Wikipedia size,,144,144,1.0
wikiann_xlm-r,wikiann,xlm-r,XLM-R,f1_score,F1/LAS,raw_oracle_gap_points,Raw gap,Trained,LightGBM; MLP,ASJP; Composite-Equal; Composite-RRF; Genetic; Geographic; LightGBM; MLP; Script; Typological; Wikipedia size,,144,144,1.0
xnli_mt5,xnli,mt5,mT5,f1_score,F1/LAS,raw_oracle_gap_points,Raw gap,Individual,Genetic; Typological; Geographic; Script; ASJP; Wikipedia size,ASJP; Composite-Equal; Composite-RRF; Genetic; Geographic; LightGBM; MLP; Script; Typological; Wikipedia size,,15,15,1.0
xnli_mt5,xnli,mt5,mT5,f1_score,F1/LAS,raw_oracle_gap_points,Raw gap,Composite,Composite-Equal; Composite-RRF,ASJP; Composite-Equal; Composite-RRF; Genetic; Geographic; LightGBM; MLP; Script; Typological; Wikipedia size,,15,15,1.0
xnli_mt5,xnli,mt5,mT5,f1_score,F1/LAS,raw_oracle_gap_points,Raw gap,Trained,LightGBM; MLP,ASJP; Composite-Equal; Composite-RRF; Genetic; Geographic; LightGBM; MLP; Script; Typological; Wikipedia size,,15,15,1.0
xnli_xlm-r,xnli,xlm-r,XLM-R,f1_score,F1/LAS,raw_oracle_gap_points,Raw gap,Individual,Genetic; Typological; Geographic; Script; ASJP; Wikipedia size,ASJP; Composite-Equal; Composite-RRF; Genetic; Geographic; LightGBM; MLP; Script; Typological; Wikipedia size,,15,15,1.0
xnli_xlm-r,xnli,xlm-r,XLM-R,f1_score,F1/LAS,raw_oracle_gap_points,Raw gap,Composite,Composite-Equal; Composite-RRF,ASJP; Composite-Equal; Composite-RRF; Genetic; Geographic; LightGBM; MLP; Script; Typological; Wikipedia size,,15,15,1.0
xnli_xlm-r,xnli,xlm-r,XLM-R,f1_score,F1/LAS,raw_oracle_gap_points,Raw gap,Trained,LightGBM; MLP,ASJP; Composite-Equal; Composite-RRF; Genetic; Geographic; LightGBM; MLP; Script; Typological; Wikipedia size,,15,15,1.0
xquad_mt5,xquad,mt5,mT5,f1_score,F1/LAS,raw_oracle_gap_points,Raw gap,Individual,Genetic; Typological; Geographic; Script; ASJP; Wikipedia size,ASJP; Composite-Equal; Composite-RRF; Genetic; Geographic; LightGBM; MLP; Script; Typological; Wikipedia size,,12,12,1.0
xquad_mt5,xquad,mt5,mT5,f1_score,F1/LAS,raw_oracle_gap_points,Raw gap,Composite,Composite-Equal; Composite-RRF,ASJP; Composite-Equal; Composite-RRF; Genetic; Geographic; LightGBM; MLP; Script; Typological; Wikipedia size,,12,12,1.0
xquad_mt5,xquad,mt5,mT5,f1_score,F1/LAS,raw_oracle_gap_points,Raw gap,Trained,LightGBM; MLP,ASJP; Composite-Equal; Composite-RRF; Genetic; Geographic; LightGBM; MLP; Script; Typological; Wikipedia size,,12,12,1.0
xquad_xlm-r,xquad,xlm-r,XLM-R,f1_score,F1/LAS,raw_oracle_gap_points,Raw gap,Individual,Genetic; Typological; Geographic; Script; ASJP; Wikipedia size,ASJP; Composite-Equal; Composite-RRF; Genetic; Geographic; LightGBM; MLP; Script; Typological; Wikipedia size,,12,12,1.0
xquad_xlm-r,xquad,xlm-r,XLM-R,f1_score,F1/LAS,raw_oracle_gap_points,Raw gap,Composite,Composite-Equal; Composite-RRF,ASJP; Composite-Equal; Composite-RRF; Genetic; Geographic; LightGBM; MLP; Script; Typological; Wikipedia size,,12,12,1.0
xquad_xlm-r,xquad,xlm-r,XLM-R,f1_score,F1/LAS,raw_oracle_gap_points,Raw gap,Trained,LightGBM; MLP,ASJP; Composite-Equal; Composite-RRF; Genetic; Geographic; LightGBM; MLP; Script; Typological; Wikipedia size,,12,12,1.0
