dataset,task,model,metric,method,method_group,outcome,mean,ci_lower,ci_upper,n_units
sib200_mt5,sib200,mt5,f1_score,always_eng,baseline,performance_loss_pct,21.14753255842502,19.213263197851173,23.247929181097515,185
sib200_mt5,sib200,mt5,f1_score,always_eng,baseline,raw_oracle_gap_points,14.970015235471639,13.909089502139235,16.19257647339643,185
sib200_mt5,sib200,mt5,f1_score,always_eng,baseline,actual_best_performance_points,76.73461715317346,74.51775356722482,78.83128982633714,185
sib200_mt5,sib200,mt5,f1_score,always_eng,baseline,predicted_performance_points,61.76460191770182,59.11403203084972,64.32077584563234,185
sib200_mt5,sib200,mt5,f1_score,composite_equal,composite,performance_loss_pct,15.891861801232862,13.25699052554109,18.744047802627158,185
sib200_mt5,sib200,mt5,f1_score,composite_equal,composite,raw_oracle_gap_points,11.360488714509001,9.340229783104137,13.620851494346999,185
sib200_mt5,sib200,mt5,f1_score,composite_equal,composite,actual_best_performance_points,75.63570234905929,73.18481464068671,77.95201670972241,185
sib200_mt5,sib200,mt5,f1_score,composite_equal,composite,predicted_performance_points,64.27521363455028,61.16213202462745,67.31060563031154,185
sib200_mt5,sib200,mt5,f1_score,lightgbm_lambdarank,trained,performance_loss_pct,16.637389634886308,13.92195406277413,19.57193570781293,185
sib200_mt5,sib200,mt5,f1_score,lightgbm_lambdarank,trained,raw_oracle_gap_points,11.509671254947477,9.636071352243716,13.585411495765785,185
sib200_mt5,sib200,mt5,f1_score,lightgbm_lambdarank,trained,actual_best_performance_points,75.63570234905929,73.18481464068671,77.95201670972241,185
sib200_mt5,sib200,mt5,f1_score,lightgbm_lambdarank,trained,predicted_performance_points,64.12603109411181,60.916842341839406,67.18474948768205,185
sib200_mt5,sib200,mt5,f1_score,mlp_listnet,trained,performance_loss_pct,14.759411544863223,12.205576027638225,17.61905475018121,185
sib200_mt5,sib200,mt5,f1_score,mlp_listnet,trained,raw_oracle_gap_points,10.228085057251581,8.462231844833727,12.177945143935794,185
sib200_mt5,sib200,mt5,f1_score,mlp_listnet,trained,actual_best_performance_points,75.63570234905929,73.18481464068671,77.95201670972241,185
sib200_mt5,sib200,mt5,f1_score,mlp_listnet,trained,predicted_performance_points,65.40761729180771,62.241889430737125,68.40602750289474,185
sib200_mt5,sib200,mt5,f1_score,rrf_equal,composite,performance_loss_pct,15.228708710659115,12.744303843061708,17.951688467913673,185
sib200_mt5,sib200,mt5,f1_score,rrf_equal,composite,raw_oracle_gap_points,10.788020867450562,8.952439897836664,12.813681272612037,185
sib200_mt5,sib200,mt5,f1_score,rrf_equal,composite,actual_best_performance_points,75.63570234905929,73.18481464068671,77.95201670972241,185
sib200_mt5,sib200,mt5,f1_score,rrf_equal,composite,predicted_performance_points,64.84768148160872,61.77877081596701,67.78294303496232,185
sib200_mt5,sib200,mt5,f1_score,single_distals_asjp,individual,performance_loss_pct,15.807374467461107,13.14985039179376,18.737657836011735,185
sib200_mt5,sib200,mt5,f1_score,single_distals_asjp,individual,raw_oracle_gap_points,11.21750622097845,9.278481908590056,13.417096141925526,185
sib200_mt5,sib200,mt5,f1_score,single_distals_asjp,individual,actual_best_performance_points,75.63570234905929,73.18481464068671,77.95201670972241,185
sib200_mt5,sib200,mt5,f1_score,single_distals_asjp,individual,predicted_performance_points,64.41819612808084,61.22189519453247,67.43241360335489,185
sib200_mt5,sib200,mt5,f1_score,single_distals_wiki_size,individual,performance_loss_pct,18.344714263838313,15.63703756992778,21.250445647802547,185
sib200_mt5,sib200,mt5,f1_score,single_distals_wiki_size,individual,raw_oracle_gap_points,13.041472900985811,11.020917985160086,15.231554051166295,185
sib200_mt5,sib200,mt5,f1_score,single_distals_wiki_size,individual,actual_best_performance_points,75.63570234905929,73.18481464068671,77.95201670972241,185
sib200_mt5,sib200,mt5,f1_score,single_distals_wiki_size,individual,predicted_performance_points,62.59422944807347,59.444392452517626,65.64713019662706,185
sib200_mt5,sib200,mt5,f1_score,single_new_gen,individual,performance_loss_pct,17.407030485080764,14.645797143550935,20.381609120126406,185
sib200_mt5,sib200,mt5,f1_score,single_new_gen,individual,raw_oracle_gap_points,12.642565668544648,10.507708389086243,14.931779853629207,185
sib200_mt5,sib200,mt5,f1_score,single_new_gen,individual,actual_best_performance_points,75.63570234905929,73.18481464068671,77.95201670972241,185
sib200_mt5,sib200,mt5,f1_score,single_new_gen,individual,predicted_performance_points,62.99313668051464,59.84284262850083,66.02212653364218,185
sib200_mt5,sib200,mt5,f1_score,single_new_geo,individual,performance_loss_pct,14.735394997913229,12.396555560509546,17.275576603817232,185
sib200_mt5,sib200,mt5,f1_score,single_new_geo,individual,raw_oracle_gap_points,10.314991934135984,8.609023126187976,12.196304288701347,185
sib200_mt5,sib200,mt5,f1_score,single_new_geo,individual,actual_best_performance_points,75.63570234905929,73.18481464068671,77.95201670972241,185
sib200_mt5,sib200,mt5,f1_score,single_new_geo,individual,predicted_performance_points,65.3207104149233,62.266605873129,68.22030075530016,185
sib200_mt5,sib200,mt5,f1_score,single_new_typ,individual,performance_loss_pct,17.36471419005596,14.6672747582947,20.2546050079169,185
sib200_mt5,sib200,mt5,f1_score,single_new_typ,individual,raw_oracle_gap_points,12.2875354832989,10.365867711921666,14.368551056574933,185
sib200_mt5,sib200,mt5,f1_score,single_new_typ,individual,actual_best_performance_points,75.63570234905929,73.18481464068671,77.95201670972241,185
sib200_mt5,sib200,mt5,f1_score,single_new_typ,individual,predicted_performance_points,63.3481668657604,60.227282187213056,66.35130861075235,185
sib200_mt5,sib200,mt5,f1_score,single_script,individual,performance_loss_pct,13.000970456502964,10.819310854289032,15.433783493103215,185
sib200_mt5,sib200,mt5,f1_score,single_script,individual,raw_oracle_gap_points,8.860308032511588,7.358362044723902,10.545395787287488,185
sib200_mt5,sib200,mt5,f1_score,single_script,individual,actual_best_performance_points,75.63570234905929,73.18481464068671,77.95201670972241,185
sib200_mt5,sib200,mt5,f1_score,single_script,individual,predicted_performance_points,66.7753943165477,63.72591540470561,69.66435662887206,185
sib200_xlm-r,sib200,xlm-r,f1_score,always_eng,baseline,performance_loss_pct,13.288179101244872,11.609729124284282,15.03552234957937,185
sib200_xlm-r,sib200,xlm-r,f1_score,always_eng,baseline,raw_oracle_gap_points,6.937171758209936,6.3557371966569916,7.5231905836253485,185
sib200_xlm-r,sib200,xlm-r,f1_score,always_eng,baseline,actual_best_performance_points,68.91182535748403,65.72728050919163,71.96973986464491,185
sib200_xlm-r,sib200,xlm-r,f1_score,always_eng,baseline,predicted_performance_points,61.974653599274085,58.3777695892745,65.42502671224705,185
sib200_xlm-r,sib200,xlm-r,f1_score,composite_equal,composite,performance_loss_pct,27.879051075105767,23.235964157050084,32.68204826889269,185
sib200_xlm-r,sib200,xlm-r,f1_score,composite_equal,composite,raw_oracle_gap_points,14.756310688952832,12.200570828633513,17.452521440185116,185
sib200_xlm-r,sib200,xlm-r,f1_score,composite_equal,composite,actual_best_performance_points,68.64534434104787,65.465259821811,71.69113823243005,185
sib200_xlm-r,sib200,xlm-r,f1_score,composite_equal,composite,predicted_performance_points,53.88903365209504,49.11368476680665,58.47333924592995,185
sib200_xlm-r,sib200,xlm-r,f1_score,lightgbm_lambdarank,trained,performance_loss_pct,24.918718244881934,20.52785783157401,29.512055585050227,185
sib200_xlm-r,sib200,xlm-r,f1_score,lightgbm_lambdarank,trained,raw_oracle_gap_points,16.746577937605437,13.360920998019926,20.328814534560152,185
sib200_xlm-r,sib200,xlm-r,f1_score,lightgbm_lambdarank,trained,actual_best_performance_points,68.64534434104787,65.465259821811,71.69113823243005,185
sib200_xlm-r,sib200,xlm-r,f1_score,lightgbm_lambdarank,trained,predicted_performance_points,51.89876640344244,47.68654824154093,55.95202951624927,185
sib200_xlm-r,sib200,xlm-r,f1_score,mlp_listnet,trained,performance_loss_pct,34.26770481947835,29.256967075889136,39.495820848599166,185
sib200_xlm-r,sib200,xlm-r,f1_score,mlp_listnet,trained,raw_oracle_gap_points,20.382108633423748,17.094577217004872,23.91962357088284,185
sib200_xlm-r,sib200,xlm-r,f1_score,mlp_listnet,trained,actual_best_performance_points,68.64534434104787,65.465259821811,71.69113823243005,185
sib200_xlm-r,sib200,xlm-r,f1_score,mlp_listnet,trained,predicted_performance_points,48.263235707624126,43.5874952846207,52.82560615645122,185
sib200_xlm-r,sib200,xlm-r,f1_score,rrf_equal,composite,performance_loss_pct,28.926736089134323,24.198192150948334,33.88114007674018,185
sib200_xlm-r,sib200,xlm-r,f1_score,rrf_equal,composite,raw_oracle_gap_points,15.400443070042034,12.8226150864449,18.186795371798905,185
sib200_xlm-r,sib200,xlm-r,f1_score,rrf_equal,composite,actual_best_performance_points,68.64534434104787,65.465259821811,71.69113823243005,185
sib200_xlm-r,sib200,xlm-r,f1_score,rrf_equal,composite,predicted_performance_points,53.24490127100583,48.4348653367954,57.86715117492662,185
sib200_xlm-r,sib200,xlm-r,f1_score,single_distals_asjp,individual,performance_loss_pct,28.487811458855198,23.83040593330371,33.29193739799881,185
sib200_xlm-r,sib200,xlm-r,f1_score,single_distals_asjp,individual,raw_oracle_gap_points,15.722717334800882,13.020043177332916,18.629632317163956,185
sib200_xlm-r,sib200,xlm-r,f1_score,single_distals_asjp,individual,actual_best_performance_points,68.64534434104787,65.465259821811,71.69113823243005,185
sib200_xlm-r,sib200,xlm-r,f1_score,single_distals_asjp,individual,predicted_performance_points,52.92262700624698,48.378272517252675,57.36882564706562,185
sib200_xlm-r,sib200,xlm-r,f1_score,single_distals_wiki_size,individual,performance_loss_pct,34.493927442122214,29.878000550296637,39.245828580824565,185
sib200_xlm-r,sib200,xlm-r,f1_score,single_distals_wiki_size,individual,raw_oracle_gap_points,20.483027306400842,17.526830275760062,23.587388391506668,185
sib200_xlm-r,sib200,xlm-r,f1_score,single_distals_wiki_size,individual,actual_best_performance_points,68.64534434104787,65.465259821811,71.69113823243005,185
sib200_xlm-r,sib200,xlm-r,f1_score,single_distals_wiki_size,individual,predicted_performance_points,48.16231703464702,43.61457501416648,52.601839149581785,185
sib200_xlm-r,sib200,xlm-r,f1_score,single_new_gen,individual,performance_loss_pct,23.85584549052685,19.794057992955803,28.15456776983755,185
sib200_xlm-r,sib200,xlm-r,f1_score,single_new_gen,individual,raw_oracle_gap_points,12.19453439613044,10.233310711359115,14.340683678611207,185
sib200_xlm-r,sib200,xlm-r,f1_score,single_new_gen,individual,actual_best_performance_points,68.64534434104787,65.465259821811,71.69113823243005,185
sib200_xlm-r,sib200,xlm-r,f1_score,single_new_gen,individual,predicted_performance_points,56.45080994491743,51.9877084101118,60.717797428577924,185
sib200_xlm-r,sib200,xlm-r,f1_score,single_new_geo,individual,performance_loss_pct,31.395053426469747,26.57103366638545,36.36045982866419,185
sib200_xlm-r,sib200,xlm-r,f1_score,single_new_geo,individual,raw_oracle_gap_points,17.736680575958918,14.80543364554972,20.826630135667653,185
sib200_xlm-r,sib200,xlm-r,f1_score,single_new_geo,individual,actual_best_performance_points,68.64534434104787,65.465259821811,71.69113823243005,185
sib200_xlm-r,sib200,xlm-r,f1_score,single_new_geo,individual,predicted_performance_points,50.90866376508895,46.186120029958325,55.49020932113777,185
sib200_xlm-r,sib200,xlm-r,f1_score,single_new_typ,individual,performance_loss_pct,27.622527307132998,23.214681413576113,32.25623139856258,185
sib200_xlm-r,sib200,xlm-r,f1_score,single_new_typ,individual,raw_oracle_gap_points,15.175807533688417,12.687222123543448,17.87715918482869,185
sib200_xlm-r,sib200,xlm-r,f1_score,single_new_typ,individual,actual_best_performance_points,68.64534434104787,65.465259821811,71.69113823243005,185
sib200_xlm-r,sib200,xlm-r,f1_score,single_new_typ,individual,predicted_performance_points,53.469536807359454,48.913231874945666,57.87821774834196,185
sib200_xlm-r,sib200,xlm-r,f1_score,single_script,individual,performance_loss_pct,26.94486762347889,22.895193120171644,31.203975452053125,185
sib200_xlm-r,sib200,xlm-r,f1_score,single_script,individual,raw_oracle_gap_points,17.225103861709357,14.230592779681201,20.444489584915424,185
sib200_xlm-r,sib200,xlm-r,f1_score,single_script,individual,actual_best_performance_points,68.64534434104787,65.465259821811,71.69113823243005,185
sib200_xlm-r,sib200,xlm-r,f1_score,single_script,individual,predicted_performance_points,51.42024047933851,47.283589642474276,55.42494098410011,185
taxi1500_mt5,taxi1500,mt5,f1_score,always_eng,baseline,performance_loss_pct,57.273764399698685,55.863999522424436,58.632601719872035,762
taxi1500_mt5,taxi1500,mt5,f1_score,always_eng,baseline,raw_oracle_gap_points,13.228464323854544,12.91419065532655,13.536532908209644,762
taxi1500_mt5,taxi1500,mt5,f1_score,always_eng,baseline,actual_best_performance_points,26.33206824455375,25.426110773924712,27.28121215642911,762
taxi1500_mt5,taxi1500,mt5,f1_score,always_eng,baseline,predicted_performance_points,13.103603920699207,12.122472420513816,14.150520857703343,762
taxi1500_mt5,taxi1500,mt5,f1_score,composite_equal,composite,performance_loss_pct,34.67913339702634,33.12716516741998,36.23053675632789,762
taxi1500_mt5,taxi1500,mt5,f1_score,composite_equal,composite,raw_oracle_gap_points,9.030177033699488,8.456275907315124,9.63486041631181,762
taxi1500_mt5,taxi1500,mt5,f1_score,composite_equal,composite,actual_best_performance_points,26.270499272245285,25.3740258102538,27.202361130952493,762
taxi1500_mt5,taxi1500,mt5,f1_score,composite_equal,composite,predicted_performance_points,17.24032223854579,16.41648775686143,18.09315531853804,762
taxi1500_mt5,taxi1500,mt5,f1_score,lightgbm_lambdarank,trained,performance_loss_pct,18.85499971491026,17.55267942868102,20.155980252195207,762
taxi1500_mt5,taxi1500,mt5,f1_score,lightgbm_lambdarank,trained,raw_oracle_gap_points,5.315195445378028,4.803015337835749,5.862544189373463,762
taxi1500_mt5,taxi1500,mt5,f1_score,lightgbm_lambdarank,trained,actual_best_performance_points,26.270499272245285,25.3740258102538,27.202361130952493,762
taxi1500_mt5,taxi1500,mt5,f1_score,lightgbm_lambdarank,trained,predicted_performance_points,20.955303826867254,20.198299458212606,21.744060412288967,762
taxi1500_mt5,taxi1500,mt5,f1_score,mlp_listnet,trained,performance_loss_pct,35.19863418123534,33.551315185688,36.89659728488385,762
taxi1500_mt5,taxi1500,mt5,f1_score,mlp_listnet,trained,raw_oracle_gap_points,9.612760951176975,8.93050607723429,10.313319055164445,762
taxi1500_mt5,taxi1500,mt5,f1_score,mlp_listnet,trained,actual_best_performance_points,26.270499272245285,25.3740258102538,27.202361130952493,762
taxi1500_mt5,taxi1500,mt5,f1_score,mlp_listnet,trained,predicted_performance_points,16.657738321068305,15.8956789646357,17.45085971929424,762
taxi1500_mt5,taxi1500,mt5,f1_score,rrf_equal,composite,performance_loss_pct,35.85514089370435,34.24483447854544,37.4760752495323,762
taxi1500_mt5,taxi1500,mt5,f1_score,rrf_equal,composite,raw_oracle_gap_points,9.255810746990637,8.690884161794754,9.859504832758187,762
taxi1500_mt5,taxi1500,mt5,f1_score,rrf_equal,composite,actual_best_performance_points,26.270499272245285,25.3740258102538,27.202361130952493,762
taxi1500_mt5,taxi1500,mt5,f1_score,rrf_equal,composite,predicted_performance_points,17.014688525254645,16.171568642034064,17.882244893756226,762
taxi1500_mt5,taxi1500,mt5,f1_score,single_distals_asjp,individual,performance_loss_pct,55.61386762035412,53.90367624104566,57.3018114639169,762
taxi1500_mt5,taxi1500,mt5,f1_score,single_distals_asjp,individual,raw_oracle_gap_points,13.39935125206031,12.888302214201456,13.920952609475734,762
taxi1500_mt5,taxi1500,mt5,f1_score,single_distals_asjp,individual,actual_best_performance_points,26.270499272245285,25.3740258102538,27.202361130952493,762
taxi1500_mt5,taxi1500,mt5,f1_score,single_distals_asjp,individual,predicted_performance_points,12.871148020184972,11.954865916491089,13.843908679353365,762
taxi1500_mt5,taxi1500,mt5,f1_score,single_distals_wiki_size,individual,performance_loss_pct,53.74405972329548,52.37080800785143,55.05147861636896,762
taxi1500_mt5,taxi1500,mt5,f1_score,single_distals_wiki_size,individual,raw_oracle_gap_points,13.042877681970905,12.578323157042647,13.532306873872026,762
taxi1500_mt5,taxi1500,mt5,f1_score,single_distals_wiki_size,individual,actual_best_performance_points,26.270499272245285,25.3740258102538,27.202361130952493,762
taxi1500_mt5,taxi1500,mt5,f1_score,single_distals_wiki_size,individual,predicted_performance_points,13.227621590274373,12.393354391355256,14.132914664856129,762
taxi1500_mt5,taxi1500,mt5,f1_score,single_new_gen,individual,performance_loss_pct,58.41161433496209,56.85836347187203,59.921544820530386,762
taxi1500_mt5,taxi1500,mt5,f1_score,single_new_gen,individual,raw_oracle_gap_points,13.689543294298442,13.243293631297052,14.145599537529389,762
taxi1500_mt5,taxi1500,mt5,f1_score,single_new_gen,individual,actual_best_performance_points,26.270499272245285,25.3740258102538,27.202361130952493,762
taxi1500_mt5,taxi1500,mt5,f1_score,single_new_gen,individual,predicted_performance_points,12.58095597794684,11.625361962818504,13.598936603464098,762
taxi1500_mt5,taxi1500,mt5,f1_score,single_new_geo,individual,performance_loss_pct,48.3084283319098,46.45644355395719,50.13513137657857,762
taxi1500_mt5,taxi1500,mt5,f1_score,single_new_geo,individual,raw_oracle_gap_points,12.094877187914102,11.482242513326419,12.730797010291495,762
taxi1500_mt5,taxi1500,mt5,f1_score,single_new_geo,individual,actual_best_performance_points,26.270499272245285,25.3740258102538,27.202361130952493,762
taxi1500_mt5,taxi1500,mt5,f1_score,single_new_geo,individual,predicted_performance_points,14.175622084331179,13.287115370847674,15.082983078314468,762
taxi1500_mt5,taxi1500,mt5,f1_score,single_new_typ,individual,performance_loss_pct,54.29497977052669,52.84480776855669,55.74843667829915,762
taxi1500_mt5,taxi1500,mt5,f1_score,single_new_typ,individual,raw_oracle_gap_points,13.649722541532531,13.082789946759695,14.257045739313323,762
taxi1500_mt5,taxi1500,mt5,f1_score,single_new_typ,individual,actual_best_performance_points,26.270499272245285,25.3740258102538,27.202361130952493,762
taxi1500_mt5,taxi1500,mt5,f1_score,single_new_typ,individual,predicted_performance_points,12.620776730712748,11.838493854599497,13.441905858831449,762
taxi1500_mt5,taxi1500,mt5,f1_score,single_script,individual,performance_loss_pct,49.925314466613194,48.50435536278117,51.35430092218831,762
taxi1500_mt5,taxi1500,mt5,f1_score,single_script,individual,raw_oracle_gap_points,12.185211005505646,11.687357580854687,12.708115969244787,762
taxi1500_mt5,taxi1500,mt5,f1_score,single_script,individual,actual_best_performance_points,26.270499272245285,25.3740258102538,27.202361130952493,762
taxi1500_mt5,taxi1500,mt5,f1_score,single_script,individual,predicted_performance_points,14.085288266739632,13.204310121974212,14.990138818431584,762
taxi1500_xlm-r,taxi1500,xlm-r,f1_score,always_eng,baseline,performance_loss_pct,44.97134572717842,43.69595847117239,46.21815106365062,762
taxi1500_xlm-r,taxi1500,xlm-r,f1_score,always_eng,baseline,raw_oracle_gap_points,10.060305847796284,9.729656498632878,10.38698261988909,762
taxi1500_xlm-r,taxi1500,xlm-r,f1_score,always_eng,baseline,actual_best_performance_points,24.39187000629261,23.427570252993846,25.41281843318574,762
taxi1500_xlm-r,taxi1500,xlm-r,f1_score,always_eng,baseline,predicted_performance_points,14.331564158496324,13.397786164924366,15.32283074358925,762
taxi1500_xlm-r,taxi1500,xlm-r,f1_score,composite_equal,composite,performance_loss_pct,29.857930063435266,28.038788220092457,31.68498294952367,762
taxi1500_xlm-r,taxi1500,xlm-r,f1_score,composite_equal,composite,raw_oracle_gap_points,6.664342057596124,6.221734193729286,7.104394634698705,762
taxi1500_xlm-r,taxi1500,xlm-r,f1_score,composite_equal,composite,actual_best_performance_points,24.346156297267147,23.38985611182327,25.36848978543795,762
taxi1500_xlm-r,taxi1500,xlm-r,f1_score,composite_equal,composite,predicted_performance_points,17.68181423967102,16.7297072768284,18.68359461989454,762
taxi1500_xlm-r,taxi1500,xlm-r,f1_score,lightgbm_lambdarank,trained,performance_loss_pct,9.962382807541601,8.843901733990732,11.132395456009357,762
taxi1500_xlm-r,taxi1500,xlm-r,f1_score,lightgbm_lambdarank,trained,raw_oracle_gap_points,2.5659240736902653,2.2233609314767735,2.932851025315919,762
taxi1500_xlm-r,taxi1500,xlm-r,f1_score,lightgbm_lambdarank,trained,actual_best_performance_points,24.346156297267147,23.38985611182327,25.36848978543795,762
taxi1500_xlm-r,taxi1500,xlm-r,f1_score,lightgbm_lambdarank,trained,predicted_performance_points,21.780232223576878,20.909652762206527,22.6845832622446,762
taxi1500_xlm-r,taxi1500,xlm-r,f1_score,mlp_listnet,trained,performance_loss_pct,11.700436808838576,10.454331928992218,13.007361085678728,762
taxi1500_xlm-r,taxi1500,xlm-r,f1_score,mlp_listnet,trained,raw_oracle_gap_points,2.970373025855814,2.6089120013339335,3.354477596652159,762
taxi1500_xlm-r,taxi1500,xlm-r,f1_score,mlp_listnet,trained,actual_best_performance_points,24.346156297267147,23.38985611182327,25.36848978543795,762
taxi1500_xlm-r,taxi1500,xlm-r,f1_score,mlp_listnet,trained,predicted_performance_points,21.37578327141133,20.512933696381378,22.27269596813558,762
taxi1500_xlm-r,taxi1500,xlm-r,f1_score,rrf_equal,composite,performance_loss_pct,33.69518427478594,31.818115911013116,35.54230873221418,762
taxi1500_xlm-r,taxi1500,xlm-r,f1_score,rrf_equal,composite,raw_oracle_gap_points,7.471161549497917,7.023001435857129,7.924783311480407,762
taxi1500_xlm-r,taxi1500,xlm-r,f1_score,rrf_equal,composite,actual_best_performance_points,24.346156297267147,23.38985611182327,25.36848978543795,762
taxi1500_xlm-r,taxi1500,xlm-r,f1_score,rrf_equal,composite,predicted_performance_points,16.87499474776923,15.91504657913351,17.879255590426236,762
taxi1500_xlm-r,taxi1500,xlm-r,f1_score,single_distals_asjp,individual,performance_loss_pct,55.04568380436682,53.31406050367034,56.767408410489274,762
taxi1500_xlm-r,taxi1500,xlm-r,f1_score,single_distals_asjp,individual,raw_oracle_gap_points,11.842425192965493,11.414981998068297,12.269595507313744,762
taxi1500_xlm-r,taxi1500,xlm-r,f1_score,single_distals_asjp,individual,actual_best_performance_points,24.346156297267147,23.38985611182327,25.36848978543795,762
taxi1500_xlm-r,taxi1500,xlm-r,f1_score,single_distals_asjp,individual,predicted_performance_points,12.50373110430165,11.490587609232927,13.57368909605178,762
taxi1500_xlm-r,taxi1500,xlm-r,f1_score,single_distals_wiki_size,individual,performance_loss_pct,62.12841529258222,60.75722529266486,63.441405004914756,762
taxi1500_xlm-r,taxi1500,xlm-r,f1_score,single_distals_wiki_size,individual,raw_oracle_gap_points,13.542727723619619,13.152256004535241,13.940471214814856,762
taxi1500_xlm-r,taxi1500,xlm-r,f1_score,single_distals_wiki_size,individual,actual_best_performance_points,24.346156297267147,23.38985611182327,25.36848978543795,762
taxi1500_xlm-r,taxi1500,xlm-r,f1_score,single_distals_wiki_size,individual,predicted_performance_points,10.803428573647526,9.8539194961323,11.817422177853485,762
taxi1500_xlm-r,taxi1500,xlm-r,f1_score,single_new_gen,individual,performance_loss_pct,63.08822643773085,61.71516628629443,64.40663082421966,762
taxi1500_xlm-r,taxi1500,xlm-r,f1_score,single_new_gen,individual,raw_oracle_gap_points,13.47413845881007,13.135413178874124,13.806884559421439,762
taxi1500_xlm-r,taxi1500,xlm-r,f1_score,single_new_gen,individual,actual_best_performance_points,24.346156297267147,23.38985611182327,25.36848978543795,762
taxi1500_xlm-r,taxi1500,xlm-r,f1_score,single_new_gen,individual,predicted_performance_points,10.87201783845707,9.867982687080211,11.947021268310834,762
taxi1500_xlm-r,taxi1500,xlm-r,f1_score,single_new_geo,individual,performance_loss_pct,39.149812206981636,37.24020437092417,41.044458387892554,762
taxi1500_xlm-r,taxi1500,xlm-r,f1_score,single_new_geo,individual,raw_oracle_gap_points,8.569470464621217,8.115943173666778,9.027876695546265,762
taxi1500_xlm-r,taxi1500,xlm-r,f1_score,single_new_geo,individual,actual_best_performance_points,24.346156297267147,23.38985611182327,25.36848978543795,762
taxi1500_xlm-r,taxi1500,xlm-r,f1_score,single_new_geo,individual,predicted_performance_points,15.776685832645928,14.78329925739664,16.834999103632512,762
taxi1500_xlm-r,taxi1500,xlm-r,f1_score,single_new_typ,individual,performance_loss_pct,45.97474329023978,43.98365407345906,47.97360610111094,762
taxi1500_xlm-r,taxi1500,xlm-r,f1_score,single_new_typ,individual,raw_oracle_gap_points,9.918774544149585,9.463111947894166,10.38119399522343,762
taxi1500_xlm-r,taxi1500,xlm-r,f1_score,single_new_typ,individual,actual_best_performance_points,24.346156297267147,23.38985611182327,25.36848978543795,762
taxi1500_xlm-r,taxi1500,xlm-r,f1_score,single_new_typ,individual,predicted_performance_points,14.427381753117558,13.429977818247496,15.455838055128718,762
taxi1500_xlm-r,taxi1500,xlm-r,f1_score,single_script,individual,performance_loss_pct,59.66513964590412,58.17102736097926,61.10677415034899,762
taxi1500_xlm-r,taxi1500,xlm-r,f1_score,single_script,individual,raw_oracle_gap_points,12.965694842148244,12.583860845870971,13.35061355283798,762
taxi1500_xlm-r,taxi1500,xlm-r,f1_score,single_script,individual,actual_best_performance_points,24.346156297267147,23.38985611182327,25.36848978543795,762
taxi1500_xlm-r,taxi1500,xlm-r,f1_score,single_script,individual,predicted_performance_points,11.380461455118903,10.408696213097683,12.4335274219496,762
tydiqa_mt5,tydiqa,mt5,f1_score,always_eng,baseline,performance_loss_pct,27.511266102615096,16.039349825883708,40.00450652908334,9
tydiqa_mt5,tydiqa,mt5,f1_score,always_eng,baseline,raw_oracle_gap_points,22.093040420293804,12.861305217533864,32.32829086019045,9
tydiqa_mt5,tydiqa,mt5,f1_score,always_eng,baseline,actual_best_performance_points,79.74084576420339,76.9179270385686,82.38888090393779,9
tydiqa_mt5,tydiqa,mt5,f1_score,always_eng,baseline,predicted_performance_points,57.64780534390958,47.801982538320544,66.6670433132149,9
tydiqa_mt5,tydiqa,mt5,f1_score,composite_equal,composite,performance_loss_pct,10.46643380209982,5.508507082198185,15.377190735422028,9
tydiqa_mt5,tydiqa,mt5,f1_score,composite_equal,composite,raw_oracle_gap_points,6.815604702916499,3.5614511820047374,10.016644935174998,9
tydiqa_mt5,tydiqa,mt5,f1_score,composite_equal,composite,actual_best_performance_points,66.46308900339032,62.550417868317275,70.29102379200062,9
tydiqa_mt5,tydiqa,mt5,f1_score,composite_equal,composite,predicted_performance_points,59.647484300473806,54.15427142045899,65.24602990574782,9
tydiqa_mt5,tydiqa,mt5,f1_score,lightgbm_lambdarank,trained,performance_loss_pct,10.798299922647104,4.206937586430326,18.299567398398512,9
tydiqa_mt5,tydiqa,mt5,f1_score,lightgbm_lambdarank,trained,raw_oracle_gap_points,7.01206507899103,2.7036491139685603,11.984381432449094,9
tydiqa_mt5,tydiqa,mt5,f1_score,lightgbm_lambdarank,trained,actual_best_performance_points,66.46308900339032,62.550417868317275,70.29102379200062,9
tydiqa_mt5,tydiqa,mt5,f1_score,lightgbm_lambdarank,trained,predicted_performance_points,59.45102392439927,52.91658744285098,65.9322956816627,9
tydiqa_mt5,tydiqa,mt5,f1_score,mlp_listnet,trained,performance_loss_pct,15.273027624865392,6.654936332982476,24.67970045853954,9
tydiqa_mt5,tydiqa,mt5,f1_score,mlp_listnet,trained,raw_oracle_gap_points,10.104922878492339,4.232356192813267,16.648888355360384,9
tydiqa_mt5,tydiqa,mt5,f1_score,mlp_listnet,trained,actual_best_performance_points,66.46308900339032,62.550417868317275,70.29102379200062,9
tydiqa_mt5,tydiqa,mt5,f1_score,mlp_listnet,trained,predicted_performance_points,56.35816612489798,49.256734884178584,63.77456848976518,9
tydiqa_mt5,tydiqa,mt5,f1_score,rrf_equal,composite,performance_loss_pct,8.645585093700195,3.6361813014822513,13.991560283412813,9
tydiqa_mt5,tydiqa,mt5,f1_score,rrf_equal,composite,raw_oracle_gap_points,5.470504928450451,2.3185639165176912,8.825108177054998,9
tydiqa_mt5,tydiqa,mt5,f1_score,rrf_equal,composite,actual_best_performance_points,66.46308900339032,62.550417868317275,70.29102379200062,9
tydiqa_mt5,tydiqa,mt5,f1_score,rrf_equal,composite,predicted_performance_points,60.992584074939856,54.808140764298436,67.1927202299217,9
tydiqa_mt5,tydiqa,mt5,f1_score,single_distals_asjp,individual,performance_loss_pct,14.891454904018026,7.320909802820078,23.241726142926424,9
tydiqa_mt5,tydiqa,mt5,f1_score,single_distals_asjp,individual,raw_oracle_gap_points,10.057014662096046,4.736136069832084,16.403666801053962,9
tydiqa_mt5,tydiqa,mt5,f1_score,single_distals_asjp,individual,actual_best_performance_points,66.46308900339032,62.550417868317275,70.29102379200062,9
tydiqa_mt5,tydiqa,mt5,f1_score,single_distals_asjp,individual,predicted_performance_points,56.40607434129427,50.65538225901745,62.45599930246971,9
tydiqa_mt5,tydiqa,mt5,f1_score,single_distals_wiki_size,individual,performance_loss_pct,12.811551676519354,7.957708078603556,17.406365489939162,9
tydiqa_mt5,tydiqa,mt5,f1_score,single_distals_wiki_size,individual,raw_oracle_gap_points,8.382136388682675,5.236655743659375,11.332372574667964,9
tydiqa_mt5,tydiqa,mt5,f1_score,single_distals_wiki_size,individual,actual_best_performance_points,66.46308900339032,62.550417868317275,70.29102379200062,9
tydiqa_mt5,tydiqa,mt5,f1_score,single_distals_wiki_size,individual,predicted_performance_points,58.080952614707634,52.819188284322756,63.33303965400359,9
tydiqa_mt5,tydiqa,mt5,f1_score,single_new_gen,individual,performance_loss_pct,21.457699533754962,10.20680155234762,33.33353517085071,9
tydiqa_mt5,tydiqa,mt5,f1_score,single_new_gen,individual,raw_oracle_gap_points,14.23858262965646,6.615845495402994,22.19102272230895,9
tydiqa_mt5,tydiqa,mt5,f1_score,single_new_gen,individual,actual_best_performance_points,66.46308900339032,62.550417868317275,70.29102379200062,9
tydiqa_mt5,tydiqa,mt5,f1_score,single_new_gen,individual,predicted_performance_points,52.22450637373386,43.78449596048547,60.66443928182032,9
tydiqa_mt5,tydiqa,mt5,f1_score,single_new_geo,individual,performance_loss_pct,16.350923802960565,8.054742173649622,25.123176083903555,9
tydiqa_mt5,tydiqa,mt5,f1_score,single_new_geo,individual,raw_oracle_gap_points,11.152040452232772,5.1326890333526185,17.860024558649148,9
tydiqa_mt5,tydiqa,mt5,f1_score,single_new_geo,individual,actual_best_performance_points,66.46308900339032,62.550417868317275,70.29102379200062,9
tydiqa_mt5,tydiqa,mt5,f1_score,single_new_geo,individual,predicted_performance_points,55.31104855115754,49.857152044518415,61.4047963301935,9
tydiqa_mt5,tydiqa,mt5,f1_score,single_new_typ,individual,performance_loss_pct,9.674249695182635,4.142460345085933,15.502548533188913,9
tydiqa_mt5,tydiqa,mt5,f1_score,single_new_typ,individual,raw_oracle_gap_points,6.122300212748819,2.714819191705701,9.675299094914168,9
tydiqa_mt5,tydiqa,mt5,f1_score,single_new_typ,individual,actual_best_performance_points,66.46308900339032,62.550417868317275,70.29102379200062,9
tydiqa_mt5,tydiqa,mt5,f1_score,single_new_typ,individual,predicted_performance_points,60.34078879064149,53.836580534915946,66.70715434961814,9
tydiqa_mt5,tydiqa,mt5,f1_score,single_script,individual,performance_loss_pct,13.210192534235274,9.059721789891533,17.470657056514582,9
tydiqa_mt5,tydiqa,mt5,f1_score,single_script,individual,raw_oracle_gap_points,8.628745543122022,6.097790182484461,11.16760668518561,9
tydiqa_mt5,tydiqa,mt5,f1_score,single_script,individual,actual_best_performance_points,66.46308900339032,62.550417868317275,70.29102379200062,9
tydiqa_mt5,tydiqa,mt5,f1_score,single_script,individual,predicted_performance_points,57.834343460268286,52.64751548921606,62.81385768993477,9
tydiqa_xlm-r,tydiqa,xlm-r,f1_score,always_eng,baseline,performance_loss_pct,22.902703971151368,13.84683321387836,33.557998135375946,9
tydiqa_xlm-r,tydiqa,xlm-r,f1_score,always_eng,baseline,raw_oracle_gap_points,16.032452093799577,9.321331354493571,24.854639243087007,9
tydiqa_xlm-r,tydiqa,xlm-r,f1_score,always_eng,baseline,actual_best_performance_points,68.67894631633112,62.962226469715816,74.38916888070217,9
tydiqa_xlm-r,tydiqa,xlm-r,f1_score,always_eng,baseline,predicted_performance_points,52.64649422253154,45.00900468668362,60.07418978659231,9
tydiqa_xlm-r,tydiqa,xlm-r,f1_score,composite_equal,composite,performance_loss_pct,11.046684398216335,2.9059982828833615,21.383623614538912,9
tydiqa_xlm-r,tydiqa,xlm-r,f1_score,composite_equal,composite,raw_oracle_gap_points,6.974244625873486,1.7318886156163822,14.142246487223785,9
tydiqa_xlm-r,tydiqa,xlm-r,f1_score,composite_equal,composite,actual_best_performance_points,62.274639443315536,57.83452276338512,66.97643213205488,9
tydiqa_xlm-r,tydiqa,xlm-r,f1_score,composite_equal,composite,predicted_performance_points,55.30039481744204,48.179994217067296,62.52205062582257,9
tydiqa_xlm-r,tydiqa,xlm-r,f1_score,lightgbm_lambdarank,trained,performance_loss_pct,16.858866345447414,5.894171261470772,29.74907985514724,9
tydiqa_xlm-r,tydiqa,xlm-r,f1_score,lightgbm_lambdarank,trained,raw_oracle_gap_points,11.246643028985737,3.3078155338347845,20.83311538845335,9
tydiqa_xlm-r,tydiqa,xlm-r,f1_score,lightgbm_lambdarank,trained,actual_best_performance_points,62.274639443315536,57.83452276338512,66.97643213205488,9
tydiqa_xlm-r,tydiqa,xlm-r,f1_score,lightgbm_lambdarank,trained,predicted_performance_points,51.02799641432979,44.041004679603795,57.732917477430114,9
tydiqa_xlm-r,tydiqa,xlm-r,f1_score,mlp_listnet,trained,performance_loss_pct,7.830870383521794,3.882760542204363,11.92109615009334,9
tydiqa_xlm-r,tydiqa,xlm-r,f1_score,mlp_listnet,trained,raw_oracle_gap_points,4.67638430732917,2.4282980294599934,6.877184019991564,9
tydiqa_xlm-r,tydiqa,xlm-r,f1_score,mlp_listnet,trained,actual_best_performance_points,62.274639443315536,57.83452276338512,66.97643213205488,9
tydiqa_xlm-r,tydiqa,xlm-r,f1_score,mlp_listnet,trained,predicted_performance_points,57.59825513598636,51.80225253613793,63.12726615141269,9
tydiqa_xlm-r,tydiqa,xlm-r,f1_score,rrf_equal,composite,performance_loss_pct,6.0746399670404685,1.3336728522270587,11.87024364409413,9
tydiqa_xlm-r,tydiqa,xlm-r,f1_score,rrf_equal,composite,raw_oracle_gap_points,3.484133839704021,0.8406685451130329,6.761486217628149,9
tydiqa_xlm-r,tydiqa,xlm-r,f1_score,rrf_equal,composite,actual_best_performance_points,62.274639443315536,57.83452276338512,66.97643213205488,9
tydiqa_xlm-r,tydiqa,xlm-r,f1_score,rrf_equal,composite,predicted_performance_points,58.790505603611514,52.158391244808065,65.31778232175779,9
tydiqa_xlm-r,tydiqa,xlm-r,f1_score,single_distals_asjp,individual,performance_loss_pct,18.317252844509877,7.46048835350911,30.414667643043824,9
tydiqa_xlm-r,tydiqa,xlm-r,f1_score,single_distals_asjp,individual,raw_oracle_gap_points,12.079693959561869,4.452861313900641,20.70883714735186,9
tydiqa_xlm-r,tydiqa,xlm-r,f1_score,single_distals_asjp,individual,actual_best_performance_points,62.274639443315536,57.83452276338512,66.97643213205488,9
tydiqa_xlm-r,tydiqa,xlm-r,f1_score,single_distals_asjp,individual,predicted_performance_points,50.19494548375366,43.75821045229346,56.58538621821326,9
tydiqa_xlm-r,tydiqa,xlm-r,f1_score,single_distals_wiki_size,individual,performance_loss_pct,16.613042012510814,5.06932358134741,30.120291254186988,9
tydiqa_xlm-r,tydiqa,xlm-r,f1_score,single_distals_wiki_size,individual,raw_oracle_gap_points,10.962251309258255,3.0755308948943187,20.66009829432997,9
tydiqa_xlm-r,tydiqa,xlm-r,f1_score,single_distals_wiki_size,individual,actual_best_performance_points,62.274639443315536,57.83452276338512,66.97643213205488,9
tydiqa_xlm-r,tydiqa,xlm-r,f1_score,single_distals_wiki_size,individual,predicted_performance_points,51.31238813405727,43.585923475796285,58.462511239577175,9
tydiqa_xlm-r,tydiqa,xlm-r,f1_score,single_new_gen,individual,performance_loss_pct,21.29327217919292,12.545296181700836,29.928040587106732,9
tydiqa_xlm-r,tydiqa,xlm-r,f1_score,single_new_gen,individual,raw_oracle_gap_points,13.089963001506085,7.764336115141379,18.539710649433864,9
tydiqa_xlm-r,tydiqa,xlm-r,f1_score,single_new_gen,individual,actual_best_performance_points,62.274639443315536,57.83452276338512,66.97643213205488,9
tydiqa_xlm-r,tydiqa,xlm-r,f1_score,single_new_gen,individual,predicted_performance_points,49.18467644180945,42.23363212345286,56.38887893147653,9
tydiqa_xlm-r,tydiqa,xlm-r,f1_score,single_new_geo,individual,performance_loss_pct,14.760899490064386,5.561724655974736,25.02616665221027,9
tydiqa_xlm-r,tydiqa,xlm-r,f1_score,single_new_geo,individual,raw_oracle_gap_points,9.85110452778082,3.3052807968647806,17.562162325814477,9
tydiqa_xlm-r,tydiqa,xlm-r,f1_score,single_new_geo,individual,actual_best_performance_points,62.274639443315536,57.83452276338512,66.97643213205488,9
tydiqa_xlm-r,tydiqa,xlm-r,f1_score,single_new_geo,individual,predicted_performance_points,52.42353491553472,47.25358531340738,57.69696905912922,9
tydiqa_xlm-r,tydiqa,xlm-r,f1_score,single_new_typ,individual,performance_loss_pct,8.283008154012224,3.565712782036021,13.957447359528338,9
tydiqa_xlm-r,tydiqa,xlm-r,f1_score,single_new_typ,individual,raw_oracle_gap_points,5.06419736568658,2.3592578663816814,8.233025919100545,9
tydiqa_xlm-r,tydiqa,xlm-r,f1_score,single_new_typ,individual,actual_best_performance_points,62.274639443315536,57.83452276338512,66.97643213205488,9
tydiqa_xlm-r,tydiqa,xlm-r,f1_score,single_new_typ,individual,predicted_performance_points,57.210442077628954,51.43216884596377,62.50786835736416,9
tydiqa_xlm-r,tydiqa,xlm-r,f1_score,single_script,individual,performance_loss_pct,17.539466556195674,7.603210653606642,28.504532523468907,9
tydiqa_xlm-r,tydiqa,xlm-r,f1_score,single_script,individual,raw_oracle_gap_points,11.691270204332985,4.588857418651425,19.935401877455067,9
tydiqa_xlm-r,tydiqa,xlm-r,f1_score,single_script,individual,actual_best_performance_points,62.274639443315536,57.83452276338512,66.97643213205488,9
tydiqa_xlm-r,tydiqa,xlm-r,f1_score,single_script,individual,predicted_performance_points,50.58336923898255,45.238069934411925,55.8615781601982,9
ud_dep_xlm-r,ud_dep,xlm-r,f1_score,composite_equal,composite,performance_loss_pct,27.100293273082105,22.41283618154696,31.9930668512562,147
ud_dep_xlm-r,ud_dep,xlm-r,f1_score,composite_equal,composite,raw_oracle_gap_points,11.426372085225085,9.108817911564111,13.958947855796861,147
ud_dep_xlm-r,ud_dep,xlm-r,f1_score,composite_equal,composite,actual_best_performance_points,48.26882902395946,44.607726241764894,52.042939442212116,147
ud_dep_xlm-r,ud_dep,xlm-r,f1_score,composite_equal,composite,predicted_performance_points,36.84245693873438,32.748039344608166,40.9587166234223,147
ud_dep_xlm-r,ud_dep,xlm-r,f1_score,lightgbm_lambdarank,trained,performance_loss_pct,23.840212047789564,19.451674174426394,28.59642547480945,147
ud_dep_xlm-r,ud_dep,xlm-r,f1_score,lightgbm_lambdarank,trained,raw_oracle_gap_points,9.999824495831152,7.801697590378496,12.419930642591899,147
ud_dep_xlm-r,ud_dep,xlm-r,f1_score,lightgbm_lambdarank,trained,actual_best_performance_points,48.26882902395946,44.607726241764894,52.042939442212116,147
ud_dep_xlm-r,ud_dep,xlm-r,f1_score,lightgbm_lambdarank,trained,predicted_performance_points,38.26900452812831,34.272763841056914,42.326354990991064,147
ud_dep_xlm-r,ud_dep,xlm-r,f1_score,mlp_listnet,trained,performance_loss_pct,27.3337792995801,22.567220990609474,32.38216243594455,147
ud_dep_xlm-r,ud_dep,xlm-r,f1_score,mlp_listnet,trained,raw_oracle_gap_points,11.564350642641951,9.167064535973958,14.153579514965237,147
ud_dep_xlm-r,ud_dep,xlm-r,f1_score,mlp_listnet,trained,actual_best_performance_points,48.26882902395946,44.607726241764894,52.042939442212116,147
ud_dep_xlm-r,ud_dep,xlm-r,f1_score,mlp_listnet,trained,predicted_performance_points,36.70447838131751,32.60427433673119,40.84987816130719,147
ud_dep_xlm-r,ud_dep,xlm-r,f1_score,rrf_equal,composite,performance_loss_pct,27.48291393363119,23.025820212022094,32.14342102416663,147
ud_dep_xlm-r,ud_dep,xlm-r,f1_score,rrf_equal,composite,raw_oracle_gap_points,11.856648550359692,9.572030407535406,14.338907127437174,147
ud_dep_xlm-r,ud_dep,xlm-r,f1_score,rrf_equal,composite,actual_best_performance_points,48.26882902395946,44.607726241764894,52.042939442212116,147
ud_dep_xlm-r,ud_dep,xlm-r,f1_score,rrf_equal,composite,predicted_performance_points,36.412180473599776,32.36894293312866,40.50387605985066,147
ud_dep_xlm-r,ud_dep,xlm-r,f1_score,single_distals_asjp,individual,performance_loss_pct,27.259520750372985,22.679053583919302,32.007208229047464,147
ud_dep_xlm-r,ud_dep,xlm-r,f1_score,single_distals_asjp,individual,raw_oracle_gap_points,11.506025698395643,9.257330459372692,13.96493346346475,147
ud_dep_xlm-r,ud_dep,xlm-r,f1_score,single_distals_asjp,individual,actual_best_performance_points,48.26882902395946,44.607726241764894,52.042939442212116,147
ud_dep_xlm-r,ud_dep,xlm-r,f1_score,single_distals_asjp,individual,predicted_performance_points,36.762803325563816,32.812175612713794,40.77204035178067,147
ud_dep_xlm-r,ud_dep,xlm-r,f1_score,single_distals_wiki_size,individual,performance_loss_pct,43.68277951964941,39.10514417545111,48.26937697619194,147
ud_dep_xlm-r,ud_dep,xlm-r,f1_score,single_distals_wiki_size,individual,raw_oracle_gap_points,20.8728880192391,18.13818825667944,23.724343940437763,147
ud_dep_xlm-r,ud_dep,xlm-r,f1_score,single_distals_wiki_size,individual,actual_best_performance_points,48.26882902395946,44.607726241764894,52.042939442212116,147
ud_dep_xlm-r,ud_dep,xlm-r,f1_score,single_distals_wiki_size,individual,predicted_performance_points,27.39594100472037,23.929657141275673,30.974436185947255,147
ud_dep_xlm-r,ud_dep,xlm-r,f1_score,single_new_gen,individual,performance_loss_pct,32.08431609011275,26.783661452033968,37.613811523009716,147
ud_dep_xlm-r,ud_dep,xlm-r,f1_score,single_new_gen,individual,raw_oracle_gap_points,13.672110297400557,10.896191423971485,16.706386176870556,147
ud_dep_xlm-r,ud_dep,xlm-r,f1_score,single_new_gen,individual,actual_best_performance_points,48.26882902395946,44.607726241764894,52.042939442212116,147
ud_dep_xlm-r,ud_dep,xlm-r,f1_score,single_new_gen,individual,predicted_performance_points,34.59671872655891,30.36348443936634,38.94536540183386,147
ud_dep_xlm-r,ud_dep,xlm-r,f1_score,single_new_geo,individual,performance_loss_pct,34.26751960116127,29.487798532034073,39.287026768756846,147
ud_dep_xlm-r,ud_dep,xlm-r,f1_score,single_new_geo,individual,raw_oracle_gap_points,15.947273367417036,13.1132844709026,19.04428909627243,147
ud_dep_xlm-r,ud_dep,xlm-r,f1_score,single_new_geo,individual,actual_best_performance_points,48.26882902395946,44.607726241764894,52.042939442212116,147
ud_dep_xlm-r,ud_dep,xlm-r,f1_score,single_new_geo,individual,predicted_performance_points,32.32155565654244,28.48127463979194,36.240948840606364,147
ud_dep_xlm-r,ud_dep,xlm-r,f1_score,single_new_typ,individual,performance_loss_pct,32.62863144537262,27.9763268262698,37.43785307311275,147
ud_dep_xlm-r,ud_dep,xlm-r,f1_score,single_new_typ,individual,raw_oracle_gap_points,13.460338739232546,11.183077671110013,15.86876925204675,147
ud_dep_xlm-r,ud_dep,xlm-r,f1_score,single_new_typ,individual,actual_best_performance_points,48.26882902395946,44.607726241764894,52.042939442212116,147
ud_dep_xlm-r,ud_dep,xlm-r,f1_score,single_new_typ,individual,predicted_performance_points,34.80849028472692,30.792609381323548,38.90862081463754,147
ud_dep_xlm-r,ud_dep,xlm-r,f1_score,single_script,individual,performance_loss_pct,43.05611251253385,38.819090916949314,47.38554881960314,147
ud_dep_xlm-r,ud_dep,xlm-r,f1_score,single_script,individual,raw_oracle_gap_points,19.282848601159756,16.899259613936863,21.807858057440402,147
ud_dep_xlm-r,ud_dep,xlm-r,f1_score,single_script,individual,actual_best_performance_points,48.26882902395946,44.607726241764894,52.042939442212116,147
ud_dep_xlm-r,ud_dep,xlm-r,f1_score,single_script,individual,predicted_performance_points,28.98598042279971,25.61381029997808,32.5053687967214,147
ud_dep_xlm-r,ud_dep,xlm-r,las,always_eng,baseline,performance_loss_pct,44.37780224751461,39.94767801690549,48.85900893531392,147
ud_dep_xlm-r,ud_dep,xlm-r,las,always_eng,baseline,raw_oracle_gap_points,23.094093622103625,20.33162512006633,25.97249679268251,147
ud_dep_xlm-r,ud_dep,xlm-r,las,always_eng,baseline,actual_best_performance_points,57.31175871448687,53.14236808176348,61.42331410217648,147
ud_dep_xlm-r,ud_dep,xlm-r,las,always_eng,baseline,predicted_performance_points,34.21766509238324,30.211213176227393,38.2652031890504,147
ud_pos_mt5,ud_pos,mt5,f1_score,always_eng,baseline,performance_loss_pct,37.25857881421837,34.407579313048046,40.099385723357436,147
ud_pos_mt5,ud_pos,mt5,f1_score,always_eng,baseline,raw_oracle_gap_points,13.303630600631095,11.987051056190353,14.684176826973383,147
ud_pos_mt5,ud_pos,mt5,f1_score,always_eng,baseline,actual_best_performance_points,39.507050156336916,36.32130240820292,42.77392394448942,147
ud_pos_mt5,ud_pos,mt5,f1_score,always_eng,baseline,predicted_performance_points,26.203419555705825,23.634725498370553,28.83249066665496,147
ud_pos_mt5,ud_pos,mt5,f1_score,composite_equal,composite,performance_loss_pct,30.338934021616286,26.453584040887957,34.267429588988236,147
ud_pos_mt5,ud_pos,mt5,f1_score,composite_equal,composite,raw_oracle_gap_points,9.129207827864384,7.750933186731957,10.578702006847074,147
ud_pos_mt5,ud_pos,mt5,f1_score,composite_equal,composite,actual_best_performance_points,36.07724871250773,33.230796855378294,39.01029263527518,147
ud_pos_mt5,ud_pos,mt5,f1_score,composite_equal,composite,predicted_performance_points,26.948040884643348,24.002199425100677,30.007388521527666,147
ud_pos_mt5,ud_pos,mt5,f1_score,lightgbm_lambdarank,trained,performance_loss_pct,25.619573221539106,21.905714220507203,29.490880801734207,147
ud_pos_mt5,ud_pos,mt5,f1_score,lightgbm_lambdarank,trained,raw_oracle_gap_points,7.958731332813269,6.660106726927379,9.323956088068353,147
ud_pos_mt5,ud_pos,mt5,f1_score,lightgbm_lambdarank,trained,actual_best_performance_points,36.07724871250773,33.230796855378294,39.01029263527518,147
ud_pos_mt5,ud_pos,mt5,f1_score,lightgbm_lambdarank,trained,predicted_performance_points,28.118517379694463,25.27645639072464,31.088890890549916,147
ud_pos_mt5,ud_pos,mt5,f1_score,mlp_listnet,trained,performance_loss_pct,29.697010677694653,25.94971304841784,33.5386432340874,147
ud_pos_mt5,ud_pos,mt5,f1_score,mlp_listnet,trained,raw_oracle_gap_points,9.591995671740541,8.127606070058993,11.158821318469776,147
ud_pos_mt5,ud_pos,mt5,f1_score,mlp_listnet,trained,actual_best_performance_points,36.07724871250773,33.230796855378294,39.01029263527518,147
ud_pos_mt5,ud_pos,mt5,f1_score,mlp_listnet,trained,predicted_performance_points,26.485253040767194,23.65036728587484,29.412533187314637,147
ud_pos_mt5,ud_pos,mt5,f1_score,rrf_equal,composite,performance_loss_pct,28.87958752837611,25.171622275580344,32.7018841562053,147
ud_pos_mt5,ud_pos,mt5,f1_score,rrf_equal,composite,raw_oracle_gap_points,9.022600413221577,7.660524164805633,10.50316338314195,147
ud_pos_mt5,ud_pos,mt5,f1_score,rrf_equal,composite,actual_best_performance_points,36.07724871250773,33.230796855378294,39.01029263527518,147
ud_pos_mt5,ud_pos,mt5,f1_score,rrf_equal,composite,predicted_performance_points,27.054648299286157,24.160373355310487,30.065095598149863,147
ud_pos_mt5,ud_pos,mt5,f1_score,single_distals_asjp,individual,performance_loss_pct,31.773667225894673,27.692135887776278,35.81220934459537,147
ud_pos_mt5,ud_pos,mt5,f1_score,single_distals_asjp,individual,raw_oracle_gap_points,9.75044505296734,8.370310356596475,11.201568095875846,147
ud_pos_mt5,ud_pos,mt5,f1_score,single_distals_asjp,individual,actual_best_performance_points,36.07724871250773,33.230796855378294,39.01029263527518,147
ud_pos_mt5,ud_pos,mt5,f1_score,single_distals_asjp,individual,predicted_performance_points,26.326803659540392,23.507384355345533,29.294221018323306,147
ud_pos_mt5,ud_pos,mt5,f1_score,single_distals_wiki_size,individual,performance_loss_pct,47.1120799286475,43.41929218414139,50.854629175904975,147
ud_pos_mt5,ud_pos,mt5,f1_score,single_distals_wiki_size,individual,raw_oracle_gap_points,17.25490476097113,15.243197564149368,19.30715978155,147
ud_pos_mt5,ud_pos,mt5,f1_score,single_distals_wiki_size,individual,actual_best_performance_points,36.07724871250773,33.230796855378294,39.01029263527518,147
ud_pos_mt5,ud_pos,mt5,f1_score,single_distals_wiki_size,individual,predicted_performance_points,18.8223439515366,16.72764597251305,21.033397637038398,147
ud_pos_mt5,ud_pos,mt5,f1_score,single_new_gen,individual,performance_loss_pct,33.63866820921914,29.40973441197068,37.91492503274912,147
ud_pos_mt5,ud_pos,mt5,f1_score,single_new_gen,individual,raw_oracle_gap_points,10.240022457383862,8.686469101902897,11.880275983068957,147
ud_pos_mt5,ud_pos,mt5,f1_score,single_new_gen,individual,actual_best_performance_points,36.07724871250773,33.230796855378294,39.01029263527518,147
ud_pos_mt5,ud_pos,mt5,f1_score,single_new_gen,individual,predicted_performance_points,25.837226255123866,22.837181180281213,28.913212502521816,147
ud_pos_mt5,ud_pos,mt5,f1_score,single_new_geo,individual,performance_loss_pct,41.91516247021151,37.87661616322714,45.91785469995527,147
ud_pos_mt5,ud_pos,mt5,f1_score,single_new_geo,individual,raw_oracle_gap_points,14.196576730230127,12.380183069041218,16.079733167399528,147
ud_pos_mt5,ud_pos,mt5,f1_score,single_new_geo,individual,actual_best_performance_points,36.07724871250773,33.230796855378294,39.01029263527518,147
ud_pos_mt5,ud_pos,mt5,f1_score,single_new_geo,individual,predicted_performance_points,21.880671982277608,19.376596943804472,24.548891190679562,147
ud_pos_mt5,ud_pos,mt5,f1_score,single_new_typ,individual,performance_loss_pct,38.338058465331265,34.394058357469056,42.31585111085595,147
ud_pos_mt5,ud_pos,mt5,f1_score,single_new_typ,individual,raw_oracle_gap_points,12.645683665673612,10.921980278277735,14.447342002746586,147
ud_pos_mt5,ud_pos,mt5,f1_score,single_new_typ,individual,actual_best_performance_points,36.07724871250773,33.230796855378294,39.01029263527518,147
ud_pos_mt5,ud_pos,mt5,f1_score,single_new_typ,individual,predicted_performance_points,23.43156504683412,20.74172451549873,26.24096996019568,147
ud_pos_mt5,ud_pos,mt5,f1_score,single_script,individual,performance_loss_pct,43.223968883136564,39.18581449730092,47.27300996643974,147
ud_pos_mt5,ud_pos,mt5,f1_score,single_script,individual,raw_oracle_gap_points,15.674615105211693,13.692514786304367,17.743435995405235,147
ud_pos_mt5,ud_pos,mt5,f1_score,single_script,individual,actual_best_performance_points,36.07724871250773,33.230796855378294,39.01029263527518,147
ud_pos_mt5,ud_pos,mt5,f1_score,single_script,individual,predicted_performance_points,20.40263360729604,18.145769346492024,22.704026283588192,147
ud_pos_xlm-r,ud_pos,xlm-r,f1_score,always_eng,baseline,performance_loss_pct,34.08824025596797,30.73906764419302,37.44466803653169,147
ud_pos_xlm-r,ud_pos,xlm-r,f1_score,always_eng,baseline,raw_oracle_gap_points,19.03790459181743,16.521359027070865,21.724314512150116,147
ud_pos_xlm-r,ud_pos,xlm-r,f1_score,always_eng,baseline,actual_best_performance_points,58.83878876975049,54.43975060428023,63.184083754163794,147
ud_pos_xlm-r,ud_pos,xlm-r,f1_score,always_eng,baseline,predicted_performance_points,39.800884177933064,36.046140112238895,43.555877667479535,147
ud_pos_xlm-r,ud_pos,xlm-r,f1_score,composite_equal,composite,performance_loss_pct,15.728837210493579,12.983941919257253,18.677024356769063,147
ud_pos_xlm-r,ud_pos,xlm-r,f1_score,composite_equal,composite,raw_oracle_gap_points,6.609413460195641,5.303951228897385,8.05467453957759,147
ud_pos_xlm-r,ud_pos,xlm-r,f1_score,composite_equal,composite,actual_best_performance_points,49.0835261101536,45.36534827410583,52.816620019244745,147
ud_pos_xlm-r,ud_pos,xlm-r,f1_score,composite_equal,composite,predicted_performance_points,42.47411264995795,38.70044839908427,46.24487345874839,147
ud_pos_xlm-r,ud_pos,xlm-r,f1_score,lightgbm_lambdarank,trained,performance_loss_pct,18.972950367772857,15.623847086799977,22.50556022070726,147
ud_pos_xlm-r,ud_pos,xlm-r,f1_score,lightgbm_lambdarank,trained,raw_oracle_gap_points,7.184660128503325,5.891852066567929,8.635240655206443,147
ud_pos_xlm-r,ud_pos,xlm-r,f1_score,lightgbm_lambdarank,trained,actual_best_performance_points,49.0835261101536,45.36534827410583,52.816620019244745,147
ud_pos_xlm-r,ud_pos,xlm-r,f1_score,lightgbm_lambdarank,trained,predicted_performance_points,41.898865981650275,38.09040624006954,45.76785303255822,147
ud_pos_xlm-r,ud_pos,xlm-r,f1_score,mlp_listnet,trained,performance_loss_pct,17.482170645633442,14.195985128865988,20.959296339658795,147
ud_pos_xlm-r,ud_pos,xlm-r,f1_score,mlp_listnet,trained,raw_oracle_gap_points,6.449181267948848,5.283058044591582,7.750758983661609,147
ud_pos_xlm-r,ud_pos,xlm-r,f1_score,mlp_listnet,trained,actual_best_performance_points,49.0835261101536,45.36534827410583,52.816620019244745,147
ud_pos_xlm-r,ud_pos,xlm-r,f1_score,mlp_listnet,trained,predicted_performance_points,42.63434484220475,38.78270058619829,46.519169530884206,147
ud_pos_xlm-r,ud_pos,xlm-r,f1_score,rrf_equal,composite,performance_loss_pct,15.038618077634226,12.475751688579868,17.777570542662,147
ud_pos_xlm-r,ud_pos,xlm-r,f1_score,rrf_equal,composite,raw_oracle_gap_points,6.296121223492898,5.124755139478098,7.63243494256172,147
ud_pos_xlm-r,ud_pos,xlm-r,f1_score,rrf_equal,composite,actual_best_performance_points,49.0835261101536,45.36534827410583,52.816620019244745,147
ud_pos_xlm-r,ud_pos,xlm-r,f1_score,rrf_equal,composite,predicted_performance_points,42.787404886660696,39.08073273672751,46.566193651383095,147
ud_pos_xlm-r,ud_pos,xlm-r,f1_score,single_distals_asjp,individual,performance_loss_pct,19.61231083744937,16.219825666504136,23.149654583406516,147
ud_pos_xlm-r,ud_pos,xlm-r,f1_score,single_distals_asjp,individual,raw_oracle_gap_points,7.342765284830567,6.064804791758132,8.760963310976505,147
ud_pos_xlm-r,ud_pos,xlm-r,f1_score,single_distals_asjp,individual,actual_best_performance_points,49.0835261101536,45.36534827410583,52.816620019244745,147
ud_pos_xlm-r,ud_pos,xlm-r,f1_score,single_distals_asjp,individual,predicted_performance_points,41.74076082532302,37.84621944189678,45.676281061758395,147
ud_pos_xlm-r,ud_pos,xlm-r,f1_score,single_distals_wiki_size,individual,performance_loss_pct,28.735084966037952,25.56885706967117,31.93623531592554,147
ud_pos_xlm-r,ud_pos,xlm-r,f1_score,single_distals_wiki_size,individual,raw_oracle_gap_points,14.06982738229393,12.208265879713018,15.977679890102948,147
ud_pos_xlm-r,ud_pos,xlm-r,f1_score,single_distals_wiki_size,individual,actual_best_performance_points,49.0835261101536,45.36534827410583,52.816620019244745,147
ud_pos_xlm-r,ud_pos,xlm-r,f1_score,single_distals_wiki_size,individual,predicted_performance_points,35.01369872785967,31.89018393903148,38.21527057735855,147
ud_pos_xlm-r,ud_pos,xlm-r,f1_score,single_new_gen,individual,performance_loss_pct,22.159735674560263,18.7587591669049,25.595822937807537,147
ud_pos_xlm-r,ud_pos,xlm-r,f1_score,single_new_gen,individual,raw_oracle_gap_points,8.696213244426064,7.154289233217575,10.356574856386386,147
ud_pos_xlm-r,ud_pos,xlm-r,f1_score,single_new_gen,individual,actual_best_performance_points,49.0835261101536,45.36534827410583,52.816620019244745,147
ud_pos_xlm-r,ud_pos,xlm-r,f1_score,single_new_gen,individual,predicted_performance_points,40.38731286572753,36.44628851574105,44.38554510433635,147
ud_pos_xlm-r,ud_pos,xlm-r,f1_score,single_new_geo,individual,performance_loss_pct,26.873197005697623,23.330597221480897,30.52871282141505,147
ud_pos_xlm-r,ud_pos,xlm-r,f1_score,single_new_geo,individual,raw_oracle_gap_points,11.891133587471643,9.885012731455006,14.078151994775766,147
ud_pos_xlm-r,ud_pos,xlm-r,f1_score,single_new_geo,individual,actual_best_performance_points,49.0835261101536,45.36534827410583,52.816620019244745,147
ud_pos_xlm-r,ud_pos,xlm-r,f1_score,single_new_geo,individual,predicted_performance_points,37.19239252268195,33.490422523322906,40.972903688733304,147
ud_pos_xlm-r,ud_pos,xlm-r,f1_score,single_new_typ,individual,performance_loss_pct,24.30471363475599,20.646808562572897,28.079695991183037,147
ud_pos_xlm-r,ud_pos,xlm-r,f1_score,single_new_typ,individual,raw_oracle_gap_points,9.946815640011593,8.295539878332377,11.756216280592971,147
ud_pos_xlm-r,ud_pos,xlm-r,f1_score,single_new_typ,individual,actual_best_performance_points,49.0835261101536,45.36534827410583,52.816620019244745,147
ud_pos_xlm-r,ud_pos,xlm-r,f1_score,single_new_typ,individual,predicted_performance_points,39.136710470142,35.290721257663854,43.01801410485926,147
ud_pos_xlm-r,ud_pos,xlm-r,f1_score,single_script,individual,performance_loss_pct,27.33224038592781,24.14980361051295,30.610071984313276,147
ud_pos_xlm-r,ud_pos,xlm-r,f1_score,single_script,individual,raw_oracle_gap_points,12.39609376021165,10.752693869427272,14.130539327008988,147
ud_pos_xlm-r,ud_pos,xlm-r,f1_score,single_script,individual,actual_best_performance_points,49.0835261101536,45.36534827410583,52.816620019244745,147
ud_pos_xlm-r,ud_pos,xlm-r,f1_score,single_script,individual,predicted_performance_points,36.68743234994195,33.32263873039524,40.123226027241245,147
wikiann_mt5,wikiann,mt5,f1_score,always_eng,baseline,performance_loss_pct,14.54961632559833,13.167858524625862,16.00102842099497,144
wikiann_mt5,wikiann,mt5,f1_score,always_eng,baseline,raw_oracle_gap_points,11.642720220321307,10.566782447231175,12.767753579800814,144
wikiann_mt5,wikiann,mt5,f1_score,always_eng,baseline,actual_best_performance_points,81.45001701162556,79.64297781330801,83.18617879179817,144
wikiann_mt5,wikiann,mt5,f1_score,always_eng,baseline,predicted_performance_points,69.80729679130425,67.7580904450036,71.7640957344022,144
wikiann_mt5,wikiann,mt5,f1_score,composite_equal,composite,performance_loss_pct,9.65342021509384,7.633757203610137,11.89061476216086,144
wikiann_mt5,wikiann,mt5,f1_score,composite_equal,composite,raw_oracle_gap_points,6.78918814914255,5.542255940851822,8.12336182369866,144
wikiann_mt5,wikiann,mt5,f1_score,composite_equal,composite,actual_best_performance_points,78.37925092242114,76.84598122495636,79.79705642910248,144
wikiann_mt5,wikiann,mt5,f1_score,composite_equal,composite,predicted_performance_points,71.59006277327859,69.11002292591245,73.89472150762137,144
wikiann_mt5,wikiann,mt5,f1_score,lightgbm_lambdarank,trained,performance_loss_pct,9.734252322878199,7.546573484282583,12.086101519894141,144
wikiann_mt5,wikiann,mt5,f1_score,lightgbm_lambdarank,trained,raw_oracle_gap_points,7.089490344633437,5.561401667761574,8.746308215963198,144
wikiann_mt5,wikiann,mt5,f1_score,lightgbm_lambdarank,trained,actual_best_performance_points,78.37925092242114,76.84598122495636,79.79705642910248,144
wikiann_mt5,wikiann,mt5,f1_score,lightgbm_lambdarank,trained,predicted_performance_points,71.2897605777877,68.78655880457971,73.68905056242765,144
wikiann_mt5,wikiann,mt5,f1_score,mlp_listnet,trained,performance_loss_pct,9.782628403317648,7.645839736379292,12.143510847320087,144
wikiann_mt5,wikiann,mt5,f1_score,mlp_listnet,trained,raw_oracle_gap_points,6.915991524301962,5.570958071450772,8.357763523508405,144
wikiann_mt5,wikiann,mt5,f1_score,mlp_listnet,trained,actual_best_performance_points,78.37925092242114,76.84598122495636,79.79705642910248,144
wikiann_mt5,wikiann,mt5,f1_score,mlp_listnet,trained,predicted_performance_points,71.46325939811918,68.92703156514212,73.81081933830818,144
wikiann_mt5,wikiann,mt5,f1_score,rrf_equal,composite,performance_loss_pct,10.367594578413112,8.379339378301356,12.571574087435447,144
wikiann_mt5,wikiann,mt5,f1_score,rrf_equal,composite,raw_oracle_gap_points,7.333355833920576,6.0966098652394844,8.646583717651039,144
wikiann_mt5,wikiann,mt5,f1_score,rrf_equal,composite,actual_best_performance_points,78.37925092242114,76.84598122495636,79.79705642910248,144
wikiann_mt5,wikiann,mt5,f1_score,rrf_equal,composite,predicted_performance_points,71.04589508850057,68.57794678830444,73.37429523667765,144
wikiann_mt5,wikiann,mt5,f1_score,single_distals_asjp,individual,performance_loss_pct,11.93350059193577,9.23137314564612,14.781753441710263,144
wikiann_mt5,wikiann,mt5,f1_score,single_distals_asjp,individual,raw_oracle_gap_points,8.447342310437481,6.680340476435136,10.326683261337008,144
wikiann_mt5,wikiann,mt5,f1_score,single_distals_asjp,individual,actual_best_performance_points,78.37925092242114,76.84598122495636,79.79705642910248,144
wikiann_mt5,wikiann,mt5,f1_score,single_distals_asjp,individual,predicted_performance_points,69.93190861198366,67.05740329894753,72.69739166724666,144
wikiann_mt5,wikiann,mt5,f1_score,single_distals_wiki_size,individual,performance_loss_pct,11.403380271932466,9.845481581725524,13.145884197039772,144
wikiann_mt5,wikiann,mt5,f1_score,single_distals_wiki_size,individual,raw_oracle_gap_points,8.775914481841808,7.5823966022528815,10.100652483997509,144
wikiann_mt5,wikiann,mt5,f1_score,single_distals_wiki_size,individual,actual_best_performance_points,78.37925092242114,76.84598122495636,79.79705642910248,144
wikiann_mt5,wikiann,mt5,f1_score,single_distals_wiki_size,individual,predicted_performance_points,69.60333644057933,67.62568054290159,71.4577641894904,144
wikiann_mt5,wikiann,mt5,f1_score,single_new_gen,individual,performance_loss_pct,13.058547356936772,10.619301815428098,15.665659547454588,144
wikiann_mt5,wikiann,mt5,f1_score,single_new_gen,individual,raw_oracle_gap_points,9.48504354540834,7.865270859653128,11.198930019316665,144
wikiann_mt5,wikiann,mt5,f1_score,single_new_gen,individual,actual_best_performance_points,78.37925092242114,76.84598122495636,79.79705642910248,144
wikiann_mt5,wikiann,mt5,f1_score,single_new_gen,individual,predicted_performance_points,68.89420737701279,66.2266650442801,71.46062326582924,144
wikiann_mt5,wikiann,mt5,f1_score,single_new_geo,individual,performance_loss_pct,10.483561559842258,8.061807834502106,13.169633676504805,144
wikiann_mt5,wikiann,mt5,f1_score,single_new_geo,individual,raw_oracle_gap_points,7.426585699887704,5.835151191703963,9.174228449254615,144
wikiann_mt5,wikiann,mt5,f1_score,single_new_geo,individual,actual_best_performance_points,78.37925092242114,76.84598122495636,79.79705642910248,144
wikiann_mt5,wikiann,mt5,f1_score,single_new_geo,individual,predicted_performance_points,70.95266522253343,68.20773632072608,73.49886366775901,144
wikiann_mt5,wikiann,mt5,f1_score,single_new_typ,individual,performance_loss_pct,8.86816160109155,7.254680439763957,10.680890546407358,144
wikiann_mt5,wikiann,mt5,f1_score,single_new_typ,individual,raw_oracle_gap_points,6.497653546784433,5.423922160068159,7.669981608533361,144
wikiann_mt5,wikiann,mt5,f1_score,single_new_typ,individual,actual_best_performance_points,78.37925092242114,76.84598122495636,79.79705642910248,144
wikiann_mt5,wikiann,mt5,f1_score,single_new_typ,individual,predicted_performance_points,71.8815973756367,69.70019198748867,73.91930338850958,144
wikiann_mt5,wikiann,mt5,f1_score,single_script,individual,performance_loss_pct,11.981881960130194,9.86072015486847,14.268944817749269,144
wikiann_mt5,wikiann,mt5,f1_score,single_script,individual,raw_oracle_gap_points,8.714610272122624,7.345984945589797,10.188764540545982,144
wikiann_mt5,wikiann,mt5,f1_score,single_script,individual,actual_best_performance_points,78.37925092242114,76.84598122495636,79.79705642910248,144
wikiann_mt5,wikiann,mt5,f1_score,single_script,individual,predicted_performance_points,69.66464065029851,67.17682649500058,71.9870115579883,144
wikiann_xlm-r,wikiann,xlm-r,f1_score,always_eng,baseline,performance_loss_pct,26.436425291889055,23.731338824513497,29.391703607000235,144
wikiann_xlm-r,wikiann,xlm-r,f1_score,always_eng,baseline,raw_oracle_gap_points,18.640809696842673,16.89924430332397,20.521049778812408,144
wikiann_xlm-r,wikiann,xlm-r,f1_score,always_eng,baseline,actual_best_performance_points,74.35246233377198,71.713952458985,76.92864508286672,144
wikiann_xlm-r,wikiann,xlm-r,f1_score,always_eng,baseline,predicted_performance_points,55.7116526369293,52.715494755617435,58.599650412802276,144
wikiann_xlm-r,wikiann,xlm-r,f1_score,composite_equal,composite,performance_loss_pct,13.396856109135303,10.776539371201956,16.2811199760193,144
wikiann_xlm-r,wikiann,xlm-r,f1_score,composite_equal,composite,raw_oracle_gap_points,8.021869728062104,6.704573629350233,9.388164732458446,144
wikiann_xlm-r,wikiann,xlm-r,f1_score,composite_equal,composite,actual_best_performance_points,69.19376102290867,66.92556448713707,71.33643986265,144
wikiann_xlm-r,wikiann,xlm-r,f1_score,composite_equal,composite,predicted_performance_points,61.171891294846574,58.247552279952735,63.9577670605375,144
wikiann_xlm-r,wikiann,xlm-r,f1_score,lightgbm_lambdarank,trained,performance_loss_pct,14.453106748386627,11.412714136779595,17.761103074447163,144
wikiann_xlm-r,wikiann,xlm-r,f1_score,lightgbm_lambdarank,trained,raw_oracle_gap_points,8.39597018389828,6.881607375010666,10.036618961292353,144
wikiann_xlm-r,wikiann,xlm-r,f1_score,lightgbm_lambdarank,trained,actual_best_performance_points,69.19376102290867,66.92556448713707,71.33643986265,144
wikiann_xlm-r,wikiann,xlm-r,f1_score,lightgbm_lambdarank,trained,predicted_performance_points,60.7977908390104,57.708525954153735,63.77237871727795,144
wikiann_xlm-r,wikiann,xlm-r,f1_score,mlp_listnet,trained,performance_loss_pct,14.04298108918093,11.252657237213885,17.10764718605359,144
wikiann_xlm-r,wikiann,xlm-r,f1_score,mlp_listnet,trained,raw_oracle_gap_points,8.343979554895343,6.963709159029349,9.790996539068486,144
wikiann_xlm-r,wikiann,xlm-r,f1_score,mlp_listnet,trained,actual_best_performance_points,69.19376102290867,66.92556448713707,71.33643986265,144
wikiann_xlm-r,wikiann,xlm-r,f1_score,mlp_listnet,trained,predicted_performance_points,60.84978146801333,57.857874924298024,63.70985045375936,144
wikiann_xlm-r,wikiann,xlm-r,f1_score,rrf_equal,composite,performance_loss_pct,15.858538650160597,12.952906387092208,18.961010723704472,144
wikiann_xlm-r,wikiann,xlm-r,f1_score,rrf_equal,composite,raw_oracle_gap_points,9.455427961495737,7.964875704339892,10.970912028285024,144
wikiann_xlm-r,wikiann,xlm-r,f1_score,rrf_equal,composite,actual_best_performance_points,69.19376102290867,66.92556448713707,71.33643986265,144
wikiann_xlm-r,wikiann,xlm-r,f1_score,rrf_equal,composite,predicted_performance_points,59.73833306141293,56.750005345133246,62.63013801046253,144
wikiann_xlm-r,wikiann,xlm-r,f1_score,single_distals_asjp,individual,performance_loss_pct,15.297917062412454,12.10510578907762,18.80149401260503,144
wikiann_xlm-r,wikiann,xlm-r,f1_score,single_distals_asjp,individual,raw_oracle_gap_points,9.147185465919431,7.399483729251576,11.069992203722787,144
wikiann_xlm-r,wikiann,xlm-r,f1_score,single_distals_asjp,individual,actual_best_performance_points,69.19376102290867,66.92556448713707,71.33643986265,144
wikiann_xlm-r,wikiann,xlm-r,f1_score,single_distals_asjp,individual,predicted_performance_points,60.04657555698925,56.81491567830845,63.16987810839192,144
wikiann_xlm-r,wikiann,xlm-r,f1_score,single_distals_wiki_size,individual,performance_loss_pct,21.364510928042296,18.737918430538752,24.21053691526158,144
wikiann_xlm-r,wikiann,xlm-r,f1_score,single_distals_wiki_size,individual,raw_oracle_gap_points,13.86971284459603,12.358938230555381,15.475302000260994,144
wikiann_xlm-r,wikiann,xlm-r,f1_score,single_distals_wiki_size,individual,actual_best_performance_points,69.19376102290867,66.92556448713707,71.33643986265,144
wikiann_xlm-r,wikiann,xlm-r,f1_score,single_distals_wiki_size,individual,predicted_performance_points,55.32404817831265,52.708859125768825,57.87133159687218,144
wikiann_xlm-r,wikiann,xlm-r,f1_score,single_new_gen,individual,performance_loss_pct,18.24512900319921,15.153935937559355,21.55103767093284,144
wikiann_xlm-r,wikiann,xlm-r,f1_score,single_new_gen,individual,raw_oracle_gap_points,11.207031592331868,9.544318252036373,12.956405444991862,144
wikiann_xlm-r,wikiann,xlm-r,f1_score,single_new_gen,individual,actual_best_performance_points,69.19376102290867,66.92556448713707,71.33643986265,144
wikiann_xlm-r,wikiann,xlm-r,f1_score,single_new_gen,individual,predicted_performance_points,57.986729430576816,54.79991230952495,61.02942437337498,144
wikiann_xlm-r,wikiann,xlm-r,f1_score,single_new_geo,individual,performance_loss_pct,16.396491240828837,13.310807100465428,19.802348225647034,144
wikiann_xlm-r,wikiann,xlm-r,f1_score,single_new_geo,individual,raw_oracle_gap_points,10.02687528169394,8.303639491369022,11.920957892219509,144
wikiann_xlm-r,wikiann,xlm-r,f1_score,single_new_geo,individual,actual_best_performance_points,69.19376102290867,66.92556448713707,71.33643986265,144
wikiann_xlm-r,wikiann,xlm-r,f1_score,single_new_geo,individual,predicted_performance_points,59.16688574121474,56.01860540301801,62.198301188567285,144
wikiann_xlm-r,wikiann,xlm-r,f1_score,single_new_typ,individual,performance_loss_pct,16.721127038271334,14.069492419532326,19.642572189560777,144
wikiann_xlm-r,wikiann,xlm-r,f1_score,single_new_typ,individual,raw_oracle_gap_points,10.147490036906085,8.78901174136076,11.582285396985894,144
wikiann_xlm-r,wikiann,xlm-r,f1_score,single_new_typ,individual,actual_best_performance_points,69.19376102290867,66.92556448713707,71.33643986265,144
wikiann_xlm-r,wikiann,xlm-r,f1_score,single_new_typ,individual,predicted_performance_points,59.0462709860026,56.09377404754455,61.87863814224333,144
wikiann_xlm-r,wikiann,xlm-r,f1_score,single_script,individual,performance_loss_pct,18.25242785516845,15.093218793474092,21.64685229981647,144
wikiann_xlm-r,wikiann,xlm-r,f1_score,single_script,individual,raw_oracle_gap_points,11.027674911246256,9.394812722337802,12.762623239747965,144
wikiann_xlm-r,wikiann,xlm-r,f1_score,single_script,individual,actual_best_performance_points,69.19376102290867,66.92556448713707,71.33643986265,144
wikiann_xlm-r,wikiann,xlm-r,f1_score,single_script,individual,predicted_performance_points,58.16608611166243,55.06362688297694,61.17918494505473,144
xnli_mt5,xnli,mt5,f1_score,always_eng,baseline,performance_loss_pct,2.5533703094330944,1.6531566578109131,3.5224737333576557,15
xnli_mt5,xnli,mt5,f1_score,always_eng,baseline,raw_oracle_gap_points,1.846666666666667,1.2006666666666683,2.5400000000000014,15
xnli_mt5,xnli,mt5,f1_score,always_eng,baseline,actual_best_performance_points,73.348,71.58398333333334,75.14333333333335,15
xnli_mt5,xnli,mt5,f1_score,always_eng,baseline,predicted_performance_points,71.50133333333333,69.47594999999998,73.69006666666665,15
xnli_mt5,xnli,mt5,f1_score,composite_equal,composite,performance_loss_pct,3.882065707429082,1.4335809178294714,7.637293060720422,15
xnli_mt5,xnli,mt5,f1_score,composite_equal,composite,raw_oracle_gap_points,2.732666666666666,1.0366499999999998,5.3240833333333235,15
xnli_mt5,xnli,mt5,f1_score,composite_equal,composite,actual_best_performance_points,72.536,70.81733333333334,74.33666666666664,15
xnli_mt5,xnli,mt5,f1_score,composite_equal,composite,predicted_performance_points,69.80333333333334,66.14396666666667,72.85938333333334,15
xnli_mt5,xnli,mt5,f1_score,lightgbm_lambdarank,trained,performance_loss_pct,3.543915357245243,0.7788802727313643,8.41339495318763,15
xnli_mt5,xnli,mt5,f1_score,lightgbm_lambdarank,trained,raw_oracle_gap_points,2.6439999999999997,0.5713333333333327,6.296,15
xnli_mt5,xnli,mt5,f1_score,lightgbm_lambdarank,trained,actual_best_performance_points,72.536,70.81733333333334,74.33666666666664,15
xnli_mt5,xnli,mt5,f1_score,lightgbm_lambdarank,trained,predicted_performance_points,69.892,66.15929999999999,72.68866666666666,15
xnli_mt5,xnli,mt5,f1_score,mlp_listnet,trained,performance_loss_pct,10.840300609022986,3.980662463948336,19.244970909336466,15
xnli_mt5,xnli,mt5,f1_score,mlp_listnet,trained,raw_oracle_gap_points,7.718666666666665,2.895316666666664,13.639399999999991,15
xnli_mt5,xnli,mt5,f1_score,mlp_listnet,trained,actual_best_performance_points,72.536,70.81733333333334,74.33666666666664,15
xnli_mt5,xnli,mt5,f1_score,mlp_listnet,trained,predicted_performance_points,64.81733333333332,58.23600000000001,70.32339999999999,15
xnli_mt5,xnli,mt5,f1_score,rrf_equal,composite,performance_loss_pct,3.922071041473622,1.4822784989456301,7.672971165179774,15
xnli_mt5,xnli,mt5,f1_score,rrf_equal,composite,raw_oracle_gap_points,2.762666666666666,1.0766666666666673,5.352699999999994,15
xnli_mt5,xnli,mt5,f1_score,rrf_equal,composite,actual_best_performance_points,72.536,70.81733333333334,74.33666666666664,15
xnli_mt5,xnli,mt5,f1_score,rrf_equal,composite,predicted_performance_points,69.77333333333333,66.12263333333334,72.81268333333334,15
xnli_mt5,xnli,mt5,f1_score,single_distals_asjp,individual,performance_loss_pct,11.109287833142275,3.461906857521842,20.266419565980584,15
xnli_mt5,xnli,mt5,f1_score,single_distals_asjp,individual,raw_oracle_gap_points,7.849999999999996,2.4579833333333307,14.288116666666651,15
xnli_mt5,xnli,mt5,f1_score,single_distals_asjp,individual,actual_best_performance_points,72.536,70.81733333333334,74.33666666666664,15
xnli_mt5,xnli,mt5,f1_score,single_distals_asjp,individual,predicted_performance_points,64.686,57.41600000000001,71.05403333333335,15
xnli_mt5,xnli,mt5,f1_score,single_distals_wiki_size,individual,performance_loss_pct,4.8129912988716885,1.2449117974338726,11.32411130342076,15
xnli_mt5,xnli,mt5,f1_score,single_distals_wiki_size,individual,raw_oracle_gap_points,3.559333333333331,0.9013333333333324,8.436733333333326,15
xnli_mt5,xnli,mt5,f1_score,single_distals_wiki_size,individual,actual_best_performance_points,72.536,70.81733333333334,74.33666666666664,15
xnli_mt5,xnli,mt5,f1_score,single_distals_wiki_size,individual,predicted_performance_points,68.97666666666667,63.83461666666667,72.60875,15
xnli_mt5,xnli,mt5,f1_score,single_new_gen,individual,performance_loss_pct,3.238991634891775,1.1206779774940365,6.904544876595434,15
xnli_mt5,xnli,mt5,f1_score,single_new_gen,individual,raw_oracle_gap_points,2.2853333333333326,0.8173333333333315,4.820683333333332,15
xnli_mt5,xnli,mt5,f1_score,single_new_gen,individual,actual_best_performance_points,72.536,70.81733333333334,74.33666666666664,15
xnli_mt5,xnli,mt5,f1_score,single_new_gen,individual,predicted_performance_points,70.25066666666666,66.68929999999999,73.11341666666665,15
xnli_mt5,xnli,mt5,f1_score,single_new_geo,individual,performance_loss_pct,3.6605093506861945,1.2573482377549206,7.45890140186929,15
xnli_mt5,xnli,mt5,f1_score,single_new_geo,individual,raw_oracle_gap_points,2.578666666666666,0.9113333333333337,5.203999999999997,15
xnli_mt5,xnli,mt5,f1_score,single_new_geo,individual,actual_best_performance_points,72.536,70.81733333333334,74.33666666666664,15
xnli_mt5,xnli,mt5,f1_score,single_new_geo,individual,predicted_performance_points,69.95733333333332,66.33530000000002,72.98268333333336,15
xnli_mt5,xnli,mt5,f1_score,single_new_typ,individual,performance_loss_pct,6.032574851812551,0.9816610025645528,13.758310088452827,15
xnli_mt5,xnli,mt5,f1_score,single_new_typ,individual,raw_oracle_gap_points,4.278666666666665,0.7126666666666643,9.797333333333333,15
xnli_mt5,xnli,mt5,f1_score,single_new_typ,individual,actual_best_performance_points,72.536,70.81733333333334,74.33666666666664,15
xnli_mt5,xnli,mt5,f1_score,single_new_typ,individual,predicted_performance_points,68.25733333333334,62.34558333333334,72.79871666666666,15
xnli_mt5,xnli,mt5,f1_score,single_script,individual,performance_loss_pct,9.317975860264248,4.490590261510375,16.225794202841186,15
xnli_mt5,xnli,mt5,f1_score,single_script,individual,raw_oracle_gap_points,6.732666666666665,3.3066333333333335,11.638683333333333,15
xnli_mt5,xnli,mt5,f1_score,single_script,individual,actual_best_performance_points,72.536,70.81733333333334,74.33666666666664,15
xnli_mt5,xnli,mt5,f1_score,single_script,individual,predicted_performance_points,65.80333333333334,60.52463333333334,69.68069999999999,15
xnli_xlm-r,xnli,xlm-r,f1_score,always_eng,baseline,performance_loss_pct,4.035797518971634,2.9307233912222017,5.146325993664795,15
xnli_xlm-r,xnli,xlm-r,f1_score,always_eng,baseline,raw_oracle_gap_points,3.0462967563903884,2.242963662736311,3.8367451599051274,15
xnli_xlm-r,xnli,xlm-r,f1_score,always_eng,baseline,actual_best_performance_points,77.10061251079782,75.15657420003372,79.01800404741893,15
xnli_xlm-r,xnli,xlm-r,f1_score,always_eng,baseline,predicted_performance_points,74.05431575440744,71.49250235086349,76.6405147213754,15
xnli_xlm-r,xnli,xlm-r,f1_score,composite_equal,composite,performance_loss_pct,1.3312897363696614,0.5237134821780959,2.371015818111836,15
xnli_xlm-r,xnli,xlm-r,f1_score,composite_equal,composite,raw_oracle_gap_points,0.9796223927855507,0.39303965215927805,1.7372123767295387,15
xnli_xlm-r,xnli,xlm-r,f1_score,composite_equal,composite,actual_best_performance_points,76.24615223008306,74.16155768044358,78.24444559920151,15
xnli_xlm-r,xnli,xlm-r,f1_score,composite_equal,composite,predicted_performance_points,75.2665298372975,72.7986426791704,77.63484266120973,15
xnli_xlm-r,xnli,xlm-r,f1_score,lightgbm_lambdarank,trained,performance_loss_pct,1.390718629851854,0.6395207289650048,2.403370402207645,15
xnli_xlm-r,xnli,xlm-r,f1_score,lightgbm_lambdarank,trained,raw_oracle_gap_points,1.029435426399677,0.48565067124090944,1.7670586584811798,15
xnli_xlm-r,xnli,xlm-r,f1_score,lightgbm_lambdarank,trained,actual_best_performance_points,76.24615223008306,74.16155768044358,78.24444559920151,15
xnli_xlm-r,xnli,xlm-r,f1_score,lightgbm_lambdarank,trained,predicted_performance_points,75.21671680368338,72.77805471860948,77.55262663167109,15
xnli_xlm-r,xnli,xlm-r,f1_score,mlp_listnet,trained,performance_loss_pct,1.8655262292655486,0.8401851825047187,3.118950037311092,15
xnli_xlm-r,xnli,xlm-r,f1_score,mlp_listnet,trained,raw_oracle_gap_points,1.3876565786511013,0.6281439866093228,2.3206752047664043,15
xnli_xlm-r,xnli,xlm-r,f1_score,mlp_listnet,trained,actual_best_performance_points,76.24615223008306,74.16155768044358,78.24444559920151,15
xnli_xlm-r,xnli,xlm-r,f1_score,mlp_listnet,trained,predicted_performance_points,74.85849565143197,72.3601267181093,77.32544766080173,15
xnli_xlm-r,xnli,xlm-r,f1_score,rrf_equal,composite,performance_loss_pct,1.412664027230946,0.6203534432067169,2.4372049094369874,15
xnli_xlm-r,xnli,xlm-r,f1_score,rrf_equal,composite,raw_oracle_gap_points,1.044593078458873,0.4688301819054722,1.7890101605348876,15
xnli_xlm-r,xnli,xlm-r,f1_score,rrf_equal,composite,actual_best_performance_points,76.24615223008306,74.16155768044358,78.24444559920151,15
xnli_xlm-r,xnli,xlm-r,f1_score,rrf_equal,composite,predicted_performance_points,75.20155915162418,72.75748694840402,77.5453694977217,15
xnli_xlm-r,xnli,xlm-r,f1_score,single_distals_asjp,individual,performance_loss_pct,2.7799556763561584,1.2637533087614368,4.4760890781312135,15
xnli_xlm-r,xnli,xlm-r,f1_score,single_distals_asjp,individual,raw_oracle_gap_points,2.0775603460186978,0.9525360110998726,3.3402499471956744,15
xnli_xlm-r,xnli,xlm-r,f1_score,single_distals_asjp,individual,actual_best_performance_points,76.24615223008306,74.16155768044358,78.24444559920151,15
xnli_xlm-r,xnli,xlm-r,f1_score,single_distals_asjp,individual,predicted_performance_points,74.16859188406438,71.52108025393247,76.84971143709839,15
xnli_xlm-r,xnli,xlm-r,f1_score,single_distals_wiki_size,individual,performance_loss_pct,1.5269062411162793,0.6826113437165383,2.8327133669116167,15
xnli_xlm-r,xnli,xlm-r,f1_score,single_distals_wiki_size,individual,raw_oracle_gap_points,1.1711524640743067,0.521035397605801,2.184406807109399,15
xnli_xlm-r,xnli,xlm-r,f1_score,single_distals_wiki_size,individual,actual_best_performance_points,76.24615223008306,74.16155768044358,78.24444559920151,15
xnli_xlm-r,xnli,xlm-r,f1_score,single_distals_wiki_size,individual,predicted_performance_points,75.07499976600874,72.93582360247484,77.2139964334137,15
xnli_xlm-r,xnli,xlm-r,f1_score,single_new_gen,individual,performance_loss_pct,2.4828744250739407,1.4932767894247736,3.5329019390909413,15
xnli_xlm-r,xnli,xlm-r,f1_score,single_new_gen,individual,raw_oracle_gap_points,1.8477616002599926,1.1231673245930736,2.613934663018658,15
xnli_xlm-r,xnli,xlm-r,f1_score,single_new_gen,individual,actual_best_performance_points,76.24615223008306,74.16155768044358,78.24444559920151,15
xnli_xlm-r,xnli,xlm-r,f1_score,single_new_gen,individual,predicted_performance_points,74.39839062982307,71.88738785685162,76.89492901443931,15
xnli_xlm-r,xnli,xlm-r,f1_score,single_new_geo,individual,performance_loss_pct,1.4542005432972152,0.7190487383135818,2.4490381694199894,15
xnli_xlm-r,xnli,xlm-r,f1_score,single_new_geo,individual,raw_oracle_gap_points,1.0777174700409817,0.544371624121162,1.802042953264704,15
xnli_xlm-r,xnli,xlm-r,f1_score,single_new_geo,individual,actual_best_performance_points,76.24615223008306,74.16155768044358,78.24444559920151,15
xnli_xlm-r,xnli,xlm-r,f1_score,single_new_geo,individual,predicted_performance_points,75.1684347600421,72.72625434345098,77.49240663826087,15
xnli_xlm-r,xnli,xlm-r,f1_score,single_new_typ,individual,performance_loss_pct,1.8908136196434313,0.8798038983156962,3.1445841600662807,15
xnli_xlm-r,xnli,xlm-r,f1_score,single_new_typ,individual,raw_oracle_gap_points,1.4036862862190589,0.6596998934400562,2.3329246788304934,15
xnli_xlm-r,xnli,xlm-r,f1_score,single_new_typ,individual,actual_best_performance_points,76.24615223008306,74.16155768044358,78.24444559920151,15
xnli_xlm-r,xnli,xlm-r,f1_score,single_new_typ,individual,predicted_performance_points,74.84246594386401,72.30786424788909,77.2778918428103,15
xnli_xlm-r,xnli,xlm-r,f1_score,single_script,individual,performance_loss_pct,2.862935383787424,2.0528476790756613,3.8739410073657807,15
xnli_xlm-r,xnli,xlm-r,f1_score,single_script,individual,raw_oracle_gap_points,2.1757653634375553,1.5657989755632038,2.9259553097470237,15
xnli_xlm-r,xnli,xlm-r,f1_score,single_script,individual,actual_best_performance_points,76.24615223008306,74.16155768044358,78.24444559920151,15
xnli_xlm-r,xnli,xlm-r,f1_score,single_script,individual,predicted_performance_points,74.07038686664553,71.87663294897041,76.21130540401083,15
xquad_mt5,xquad,mt5,f1_score,always_eng,baseline,performance_loss_pct,22.20952298454736,14.39189097260369,30.713941458959596,12
xquad_mt5,xquad,mt5,f1_score,always_eng,baseline,raw_oracle_gap_points,6.962001086649495,4.452060873103922,9.640030165123388,12
xquad_mt5,xquad,mt5,f1_score,always_eng,baseline,actual_best_performance_points,31.16102917009135,28.37734370693865,34.111557397488426,12
xquad_mt5,xquad,mt5,f1_score,always_eng,baseline,predicted_performance_points,24.19902808344185,20.904387999427417,27.16054413503806,12
xquad_mt5,xquad,mt5,f1_score,composite_equal,composite,performance_loss_pct,40.891722136922645,27.306298011332238,55.28225766785564,12
xquad_mt5,xquad,mt5,f1_score,composite_equal,composite,raw_oracle_gap_points,13.19832699275265,8.092752687274599,19.257142379595663,12
xquad_mt5,xquad,mt5,f1_score,composite_equal,composite,actual_best_performance_points,30.63037795427334,27.730604342693482,33.7632270132517,12
xquad_mt5,xquad,mt5,f1_score,composite_equal,composite,predicted_performance_points,17.43205096152069,13.189671296559764,21.618924636325723,12
xquad_mt5,xquad,mt5,f1_score,lightgbm_lambdarank,trained,performance_loss_pct,21.084130690654124,10.08487840122123,33.72591178877551,12
xquad_mt5,xquad,mt5,f1_score,lightgbm_lambdarank,trained,raw_oracle_gap_points,6.519069877211325,3.1030440476800227,10.353602732969405,12
xquad_mt5,xquad,mt5,f1_score,lightgbm_lambdarank,trained,actual_best_performance_points,30.63037795427334,27.730604342693482,33.7632270132517,12
xquad_mt5,xquad,mt5,f1_score,lightgbm_lambdarank,trained,predicted_performance_points,24.11130807706201,19.797406245607572,28.46346071078522,12
xquad_mt5,xquad,mt5,f1_score,mlp_listnet,trained,performance_loss_pct,32.647443201785045,22.064642898176697,43.32451429634717,12
xquad_mt5,xquad,mt5,f1_score,mlp_listnet,trained,raw_oracle_gap_points,10.234547708801246,6.7085323794246206,13.803588045739334,12
xquad_mt5,xquad,mt5,f1_score,mlp_listnet,trained,actual_best_performance_points,30.63037795427334,27.730604342693482,33.7632270132517,12
xquad_mt5,xquad,mt5,f1_score,mlp_listnet,trained,predicted_performance_points,20.395830245472094,17.04014081004227,23.681677730526395,12
xquad_mt5,xquad,mt5,f1_score,rrf_equal,composite,performance_loss_pct,39.082178537354466,26.092178411540146,53.432996025333495,12
xquad_mt5,xquad,mt5,f1_score,rrf_equal,composite,raw_oracle_gap_points,12.602410027836271,7.659346731209339,18.69516753605739,12
xquad_mt5,xquad,mt5,f1_score,rrf_equal,composite,actual_best_performance_points,30.63037795427334,27.730604342693482,33.7632270132517,12
xquad_mt5,xquad,mt5,f1_score,rrf_equal,composite,predicted_performance_points,18.027967926437068,13.76300645496274,22.09439298377407,12
xquad_mt5,xquad,mt5,f1_score,single_distals_asjp,individual,performance_loss_pct,50.156984905711674,31.66802212022471,68.92349149781244,12
xquad_mt5,xquad,mt5,f1_score,single_distals_asjp,individual,raw_oracle_gap_points,15.243894326362904,9.310030482178343,21.750771729541235,12
xquad_mt5,xquad,mt5,f1_score,single_distals_asjp,individual,actual_best_performance_points,30.63037795427334,27.730604342693482,33.7632270132517,12
xquad_mt5,xquad,mt5,f1_score,single_distals_asjp,individual,predicted_performance_points,15.386483627910435,9.239802882429538,21.623730808718527,12
xquad_mt5,xquad,mt5,f1_score,single_distals_wiki_size,individual,performance_loss_pct,49.02533946916057,32.44761519477807,66.08026501454097,12
xquad_mt5,xquad,mt5,f1_score,single_distals_wiki_size,individual,raw_oracle_gap_points,14.105606912070021,9.824262813902243,18.344534734880483,12
xquad_mt5,xquad,mt5,f1_score,single_distals_wiki_size,individual,actual_best_performance_points,30.63037795427334,27.730604342693482,33.7632270132517,12
xquad_mt5,xquad,mt5,f1_score,single_distals_wiki_size,individual,predicted_performance_points,16.52477104220332,10.508342230938197,22.62401075768785,12
xquad_mt5,xquad,mt5,f1_score,single_new_gen,individual,performance_loss_pct,27.099360065918756,13.810462879447385,43.56786986354383,12
xquad_mt5,xquad,mt5,f1_score,single_new_gen,individual,raw_oracle_gap_points,8.947576374559334,4.095612326710543,15.650464698206,12
xquad_mt5,xquad,mt5,f1_score,single_new_gen,individual,actual_best_performance_points,30.63037795427334,27.730604342693482,33.7632270132517,12
xquad_mt5,xquad,mt5,f1_score,single_new_gen,individual,predicted_performance_points,21.682801579714,16.50965791098625,25.9805102412174,12
xquad_mt5,xquad,mt5,f1_score,single_new_geo,individual,performance_loss_pct,50.50660607161379,33.76591192095076,67.2889867356557,12
xquad_mt5,xquad,mt5,f1_score,single_new_geo,individual,raw_oracle_gap_points,14.735823484555413,10.228612684223744,18.975305255531925,12
xquad_mt5,xquad,mt5,f1_score,single_new_geo,individual,actual_best_performance_points,30.63037795427334,27.730604342693482,33.7632270132517,12
xquad_mt5,xquad,mt5,f1_score,single_new_geo,individual,predicted_performance_points,15.894554469717926,10.169552380119812,21.697505249538864,12
xquad_mt5,xquad,mt5,f1_score,single_new_typ,individual,performance_loss_pct,41.65923626494027,23.063279250081465,61.587191083343484,12
xquad_mt5,xquad,mt5,f1_score,single_new_typ,individual,raw_oracle_gap_points,12.254627973593168,6.86283296638804,17.89429564485457,12
xquad_mt5,xquad,mt5,f1_score,single_new_typ,individual,actual_best_performance_points,30.63037795427334,27.730604342693482,33.7632270132517,12
xquad_mt5,xquad,mt5,f1_score,single_new_typ,individual,predicted_performance_points,18.375749980680173,11.817252212317934,25.01737326075185,12
xquad_mt5,xquad,mt5,f1_score,single_script,individual,performance_loss_pct,29.01890969900317,20.570964719093805,36.91601959167168,12
xquad_mt5,xquad,mt5,f1_score,single_script,individual,raw_oracle_gap_points,9.2442782469061,6.237820311571014,12.337090024532051,12
xquad_mt5,xquad,mt5,f1_score,single_script,individual,actual_best_performance_points,30.63037795427334,27.730604342693482,33.7632270132517,12
xquad_mt5,xquad,mt5,f1_score,single_script,individual,predicted_performance_points,21.38609970736724,19.10485383288824,23.98381591549978,12
xquad_xlm-r,xquad,xlm-r,f1_score,always_eng,baseline,performance_loss_pct,57.24852192878122,53.90885920931167,60.465020261056914,12
xquad_xlm-r,xquad,xlm-r,f1_score,always_eng,baseline,raw_oracle_gap_points,20.751759485721802,18.371023917042095,23.41638442145093,12
xquad_xlm-r,xquad,xlm-r,f1_score,always_eng,baseline,actual_best_performance_points,35.910302412817124,33.444712440961446,38.58109034782389,12
xquad_xlm-r,xquad,xlm-r,f1_score,always_eng,baseline,predicted_performance_points,15.15854292709532,14.387581820447197,15.987730899510517,12
xquad_xlm-r,xquad,xlm-r,f1_score,composite_equal,composite,performance_loss_pct,55.65359450658027,47.393032389199206,61.99548695292562,12
xquad_xlm-r,xquad,xlm-r,f1_score,composite_equal,composite,raw_oracle_gap_points,19.155052148367748,15.612868288959291,21.933265863786836,12
xquad_xlm-r,xquad,xlm-r,f1_score,composite_equal,composite,actual_best_performance_points,33.38073364083741,29.734733731213144,36.192040975452855,12
xquad_xlm-r,xquad,xlm-r,f1_score,composite_equal,composite,predicted_performance_points,14.225681492469663,12.771799471236678,15.819291422393022,12
xquad_xlm-r,xquad,xlm-r,f1_score,lightgbm_lambdarank,trained,performance_loss_pct,32.26612039509793,17.77237555268121,46.549053221987116,12
xquad_xlm-r,xquad,xlm-r,f1_score,lightgbm_lambdarank,trained,raw_oracle_gap_points,10.737856246063226,5.706473771431959,15.726952630623437,12
xquad_xlm-r,xquad,xlm-r,f1_score,lightgbm_lambdarank,trained,actual_best_performance_points,33.38073364083741,29.734733731213144,36.192040975452855,12
xquad_xlm-r,xquad,xlm-r,f1_score,lightgbm_lambdarank,trained,predicted_performance_points,22.642877394774185,17.18307314062245,28.445616746126696,12
xquad_xlm-r,xquad,xlm-r,f1_score,mlp_listnet,trained,performance_loss_pct,32.72101028402715,16.385888332744198,48.4721249193026,12
xquad_xlm-r,xquad,xlm-r,f1_score,mlp_listnet,trained,raw_oracle_gap_points,11.007014221784038,5.468825831427439,16.34836952338267,12
xquad_xlm-r,xquad,xlm-r,f1_score,mlp_listnet,trained,actual_best_performance_points,33.38073364083741,29.734733731213144,36.192040975452855,12
xquad_xlm-r,xquad,xlm-r,f1_score,mlp_listnet,trained,predicted_performance_points,22.373719419053376,16.510308905752122,28.630635345132585,12
xquad_xlm-r,xquad,xlm-r,f1_score,rrf_equal,composite,performance_loss_pct,54.99468658391638,47.0353139716954,60.78312452459511,12
xquad_xlm-r,xquad,xlm-r,f1_score,rrf_equal,composite,raw_oracle_gap_points,18.922292261123896,15.465223540964795,21.545047388226404,12
xquad_xlm-r,xquad,xlm-r,f1_score,rrf_equal,composite,actual_best_performance_points,33.38073364083741,29.734733731213144,36.192040975452855,12
xquad_xlm-r,xquad,xlm-r,f1_score,rrf_equal,composite,predicted_performance_points,14.458441379713513,13.200528732418148,15.934028699681244,12
xquad_xlm-r,xquad,xlm-r,f1_score,single_distals_asjp,individual,performance_loss_pct,58.25733564786242,52.330042406562704,63.61268910721234,12
xquad_xlm-r,xquad,xlm-r,f1_score,single_distals_asjp,individual,raw_oracle_gap_points,19.70687415627599,16.647355855611313,22.090985534302078,12
xquad_xlm-r,xquad,xlm-r,f1_score,single_distals_asjp,individual,actual_best_performance_points,33.38073364083741,29.734733731213144,36.192040975452855,12
xquad_xlm-r,xquad,xlm-r,f1_score,single_distals_asjp,individual,predicted_performance_points,13.673859484561419,11.82771743638183,15.599879766967245,12
xquad_xlm-r,xquad,xlm-r,f1_score,single_distals_wiki_size,individual,performance_loss_pct,59.137458213664466,53.37899779219189,64.10311604454542,12
xquad_xlm-r,xquad,xlm-r,f1_score,single_distals_wiki_size,individual,raw_oracle_gap_points,20.16664947744596,16.870333182392674,22.911529525157356,12
xquad_xlm-r,xquad,xlm-r,f1_score,single_distals_wiki_size,individual,actual_best_performance_points,33.38073364083741,29.734733731213144,36.192040975452855,12
xquad_xlm-r,xquad,xlm-r,f1_score,single_distals_wiki_size,individual,predicted_performance_points,13.214084163391446,11.995195854793193,14.484400386396103,12
xquad_xlm-r,xquad,xlm-r,f1_score,single_new_gen,individual,performance_loss_pct,51.860608252257656,43.55409323797909,57.81569800661108,12
xquad_xlm-r,xquad,xlm-r,f1_score,single_new_gen,individual,raw_oracle_gap_points,17.981320327390016,14.503733533621961,20.643275887685533,12
xquad_xlm-r,xquad,xlm-r,f1_score,single_new_gen,individual,actual_best_performance_points,33.38073364083741,29.734733731213144,36.192040975452855,12
xquad_xlm-r,xquad,xlm-r,f1_score,single_new_gen,individual,predicted_performance_points,15.399413313447397,14.439980449214458,16.530877726133742,12
xquad_xlm-r,xquad,xlm-r,f1_score,single_new_geo,individual,performance_loss_pct,57.84017062343971,48.685349862470375,65.10862164391133,12
xquad_xlm-r,xquad,xlm-r,f1_score,single_new_geo,individual,raw_oracle_gap_points,20.0327033462187,16.020966484607452,23.23736813263962,12
xquad_xlm-r,xquad,xlm-r,f1_score,single_new_geo,individual,actual_best_performance_points,33.38073364083741,29.734733731213144,36.192040975452855,12
xquad_xlm-r,xquad,xlm-r,f1_score,single_new_geo,individual,predicted_performance_points,13.34803029461871,11.972180236831063,14.794890346108913,12
xquad_xlm-r,xquad,xlm-r,f1_score,single_new_typ,individual,performance_loss_pct,49.83750688939247,38.02154643322972,59.12891564799764,12
xquad_xlm-r,xquad,xlm-r,f1_score,single_new_typ,individual,raw_oracle_gap_points,17.091280888823157,12.43791935035762,21.029592326030965,12
xquad_xlm-r,xquad,xlm-r,f1_score,single_new_typ,individual,actual_best_performance_points,33.38073364083741,29.734733731213144,36.192040975452855,12
xquad_xlm-r,xquad,xlm-r,f1_score,single_new_typ,individual,predicted_performance_points,16.289452752014252,13.63456166877615,20.34805143247918,12
xquad_xlm-r,xquad,xlm-r,f1_score,single_script,individual,performance_loss_pct,56.21143059795872,48.28800986412143,61.94627484730438,12
xquad_xlm-r,xquad,xlm-r,f1_score,single_script,individual,raw_oracle_gap_points,19.41448771949423,15.821818196656121,22.264610622672123,12
xquad_xlm-r,xquad,xlm-r,f1_score,single_script,individual,actual_best_performance_points,33.38073364083741,29.734733731213144,36.192040975452855,12
xquad_xlm-r,xquad,xlm-r,f1_score,single_script,individual,predicted_performance_points,13.966245921343182,13.048195023967775,14.952034379618098,12
