dataset,task,model,metric,method,method_type,resource,n_targets,trial_complexity,pool_fraction,near_oracle_coverage,exact_best_coverage,best_in_set_pl,large_enough_for_main_ctc
masakhaner_mt5,masakhaner,mT5,F1/LAS,ASJP,Individual,LRL,10,9.0,1.0,1.0,1.0,0.0,False
masakhaner_mt5,masakhaner,mT5,F1/LAS,Composite-Equal,Composite,LRL,10,9.0,1.0,1.0,1.0,0.0,False
masakhaner_mt5,masakhaner,mT5,F1/LAS,Composite-RRF,Composite,LRL,10,9.0,1.0,1.0,1.0,0.0,False
masakhaner_mt5,masakhaner,mT5,F1/LAS,Genetic,Individual,LRL,10,9.0,1.0,1.0,1.0,0.0,False
masakhaner_mt5,masakhaner,mT5,F1/LAS,Geographic,Individual,LRL,10,9.0,1.0,1.0,1.0,0.0,False
masakhaner_mt5,masakhaner,mT5,F1/LAS,LightGBM,Trained,LRL,10,9.0,1.0,1.0,1.0,0.0,False
masakhaner_mt5,masakhaner,mT5,F1/LAS,MLP,Trained,LRL,10,9.0,1.0,1.0,1.0,0.0,False
masakhaner_mt5,masakhaner,mT5,F1/LAS,NNRank,NNRank,LRL,10,9.0,1.0,1.0,1.0,0.0,False
masakhaner_mt5,masakhaner,mT5,F1/LAS,Script,Individual,LRL,10,9.0,1.0,1.0,1.0,0.0,False
masakhaner_mt5,masakhaner,mT5,F1/LAS,Typological,Individual,LRL,10,9.0,1.0,1.0,1.0,0.0,False
masakhaner_mt5,masakhaner,mT5,F1/LAS,Wikipedia size,Individual,LRL,10,9.0,1.0,1.0,1.0,0.0,False
masakhaner_xlm-r,masakhaner,XLM-R,F1/LAS,ASJP,Individual,LRL,10,9.0,1.0,1.0,1.0,0.0,False
masakhaner_xlm-r,masakhaner,XLM-R,F1/LAS,Composite-Equal,Composite,LRL,10,9.0,1.0,1.0,1.0,0.0,False
masakhaner_xlm-r,masakhaner,XLM-R,F1/LAS,Composite-RRF,Composite,LRL,10,9.0,1.0,1.0,1.0,0.0,False
masakhaner_xlm-r,masakhaner,XLM-R,F1/LAS,Genetic,Individual,LRL,10,9.0,1.0,1.0,1.0,0.0,False
masakhaner_xlm-r,masakhaner,XLM-R,F1/LAS,Geographic,Individual,LRL,10,9.0,1.0,1.0,1.0,0.0,False
masakhaner_xlm-r,masakhaner,XLM-R,F1/LAS,LightGBM,Trained,LRL,10,9.0,1.0,1.0,1.0,0.0,False
masakhaner_xlm-r,masakhaner,XLM-R,F1/LAS,MLP,Trained,LRL,10,9.0,1.0,1.0,1.0,0.0,False
masakhaner_xlm-r,masakhaner,XLM-R,F1/LAS,NNRank,NNRank,LRL,10,9.0,1.0,1.0,1.0,0.0,False
masakhaner_xlm-r,masakhaner,XLM-R,F1/LAS,Script,Individual,LRL,10,9.0,1.0,1.0,1.0,0.0,False
masakhaner_xlm-r,masakhaner,XLM-R,F1/LAS,Typological,Individual,LRL,10,9.0,1.0,1.0,1.0,0.0,False
masakhaner_xlm-r,masakhaner,XLM-R,F1/LAS,Wikipedia size,Individual,LRL,10,9.0,1.0,1.0,1.0,0.0,False
opus100_mt5,opus100,mT5,BLEU,ASJP,Individual,HRL,4,20.25,0.81,0.5,0.5,0.13398301657597864,False
opus100_mt5,opus100,mT5,BLEU,ASJP,Individual,LRL,16,19.6875,0.7572115384615385,1.0,1.0,0.0,False
opus100_mt5,opus100,mT5,BLEU,ASJP,Individual,MRL,26,18.96153846153846,0.753905325443787,0.9230769230769231,0.9230769230769231,0.016088050056249213,False
opus100_mt5,opus100,mT5,BLEU,Composite-Equal,Composite,HRL,4,20.0,0.8,0.75,0.75,0.0532226714707781,False
opus100_mt5,opus100,mT5,BLEU,Composite-Equal,Composite,LRL,16,18.625,0.7163461538461539,1.0,1.0,0.0,False
opus100_mt5,opus100,mT5,BLEU,Composite-Equal,Composite,MRL,26,18.0,0.7159171597633136,0.9230769230769231,0.8846153846153846,0.019895692556003094,False
opus100_mt5,opus100,mT5,BLEU,Composite-RRF,Composite,HRL,4,19.5,0.78,0.75,0.75,0.0532226714707781,False
opus100_mt5,opus100,mT5,BLEU,Composite-RRF,Composite,LRL,16,18.25,0.7019230769230769,0.9375,0.9375,0.011011292264751062,False
opus100_mt5,opus100,mT5,BLEU,Composite-RRF,Composite,MRL,26,16.76923076923077,0.666923076923077,0.8846153846153846,0.8846153846153846,0.04101827874547605,False
opus100_mt5,opus100,mT5,BLEU,Genetic,Individual,HRL,4,14.0,0.5599999999999999,1.0,0.75,0.0051320178401667,False
opus100_mt5,opus100,mT5,BLEU,Genetic,Individual,LRL,16,14.25,0.548076923076923,0.9375,0.8125,0.02508561308385528,False
opus100_mt5,opus100,mT5,BLEU,Genetic,Individual,MRL,26,14.23076923076923,0.5659171597633136,0.8461538461538461,0.8076923076923077,0.04047896642978557,False
opus100_mt5,opus100,mT5,BLEU,Geographic,Individual,HRL,4,22.0,0.88,1.0,1.0,0.0,False
opus100_mt5,opus100,mT5,BLEU,Geographic,Individual,LRL,16,20.875,0.8028846153846154,0.9375,0.9375,0.022651237593883725,False
opus100_mt5,opus100,mT5,BLEU,Geographic,Individual,MRL,26,20.384615384615383,0.8108875739644971,0.9230769230769231,0.8846153846153846,0.03449725257601178,False
opus100_mt5,opus100,mT5,BLEU,LightGBM,Trained,HRL,4,20.25,0.81,1.0,0.75,0.0051320178401667,False
opus100_mt5,opus100,mT5,BLEU,LightGBM,Trained,LRL,16,21.6875,0.8341346153846154,0.9375,0.875,0.024377793396124173,False
opus100_mt5,opus100,mT5,BLEU,LightGBM,Trained,MRL,26,20.0,0.7955621301775148,0.9615384615384616,0.9230769230769231,0.008405210260242253,False
opus100_mt5,opus100,mT5,BLEU,MLP,Trained,HRL,4,20.75,0.8300000000000001,1.0,1.0,0.0,False
opus100_mt5,opus100,mT5,BLEU,MLP,Trained,LRL,16,19.0,0.7307692307692307,0.9375,0.9375,0.022651237593883725,False
opus100_mt5,opus100,mT5,BLEU,MLP,Trained,MRL,26,17.884615384615383,0.7112426035502959,0.8846153846153846,0.8846153846153846,0.037586698306757774,False
opus100_mt5,opus100,mT5,BLEU,NNRank,NNRank,HRL,4,22.25,0.89,1.0,1.0,0.0,False
opus100_mt5,opus100,mT5,BLEU,NNRank,NNRank,LRL,16,21.4375,0.8245192307692307,1.0,1.0,0.0,False
opus100_mt5,opus100,mT5,BLEU,NNRank,NNRank,MRL,26,20.73076923076923,0.8244378698224852,0.9230769230769231,0.9230769230769231,0.015348216265912032,False
opus100_mt5,opus100,mT5,BLEU,Script,Individual,HRL,4,21.75,0.87,1.0,1.0,0.0,False
opus100_mt5,opus100,mT5,BLEU,Script,Individual,LRL,16,22.5,0.8653846153846155,1.0,1.0,0.0,False
opus100_mt5,opus100,mT5,BLEU,Script,Individual,MRL,26,22.73076923076923,0.903905325443787,0.8076923076923077,0.8076923076923077,0.03849589222991204,False
opus100_mt5,opus100,mT5,BLEU,Typological,Individual,HRL,4,23.0,0.9199999999999999,1.0,1.0,0.0,False
opus100_mt5,opus100,mT5,BLEU,Typological,Individual,LRL,16,21.4375,0.8245192307692308,0.875,0.875,0.038069599334919095,False
opus100_mt5,opus100,mT5,BLEU,Typological,Individual,MRL,26,20.653846153846153,0.8213609467455621,0.8076923076923077,0.8076923076923077,0.04761767864552549,False
opus100_mt5,opus100,mT5,BLEU,Wikipedia size,Individual,HRL,4,14.0,0.56,1.0,1.0,0.0,False
opus100_mt5,opus100,mT5,BLEU,Wikipedia size,Individual,LRL,16,15.625,0.6009615384615384,0.9375,0.6875,0.02904682083455786,False
opus100_mt5,opus100,mT5,BLEU,Wikipedia size,Individual,MRL,26,15.692307692307692,0.6236686390532544,0.7307692307692307,0.7307692307692307,0.09522214547132052,False
sib200_mt5,sib200,mT5,F1/LAS,ASJP,Individual,HRL,6,42.666666666666664,0.6274509803921569,1.0,0.8333333333333334,0.00179105036253735,True
sib200_mt5,sib200,mT5,F1/LAS,ASJP,Individual,LRL,39,31.307692307692307,0.4594071742409338,0.8461538461538461,0.46153846153846156,0.018969005224134,True
sib200_mt5,sib200,mT5,F1/LAS,ASJP,Individual,MRL,29,34.93103448275862,0.5136916835699796,1.0,0.6206896551724138,0.005111107819594683,True
sib200_mt5,sib200,mT5,F1/LAS,Composite-Equal,Composite,HRL,6,31.0,0.45588235294117646,1.0,0.5,0.0032208155179059075,True
sib200_mt5,sib200,mT5,F1/LAS,Composite-Equal,Composite,LRL,39,22.923076923076923,0.33647015104815614,0.8974358974358975,0.358974358974359,0.018150296321166326,True
sib200_mt5,sib200,mT5,F1/LAS,Composite-Equal,Composite,MRL,29,23.448275862068964,0.3448275862068966,1.0,0.5862068965517241,0.006118261318930238,True
sib200_mt5,sib200,mT5,F1/LAS,Composite-RRF,Composite,HRL,6,33.5,0.4926470588235294,1.0,0.6666666666666666,0.0024695259122249334,True
sib200_mt5,sib200,mT5,F1/LAS,Composite-RRF,Composite,LRL,39,24.076923076923077,0.35340568780466475,0.9230769230769231,0.38461538461538464,0.016955596984508,True
sib200_mt5,sib200,mT5,F1/LAS,Composite-RRF,Composite,MRL,29,24.689655172413794,0.36308316430020277,1.0,0.6206896551724138,0.005527300175592818,True
sib200_mt5,sib200,mT5,F1/LAS,Genetic,Individual,HRL,6,57.166666666666664,0.8406862745098039,1.0,0.8333333333333334,0.00101364464320565,True
sib200_mt5,sib200,mT5,F1/LAS,Genetic,Individual,LRL,39,41.46153846153846,0.6085808905502,0.9487179487179487,0.717948717948718,0.008590874575586747,True
sib200_mt5,sib200,mT5,F1/LAS,Genetic,Individual,MRL,29,42.48275862068966,0.6247464503042596,1.0,0.7931034482758621,0.003605677896117138,True
sib200_mt5,sib200,mT5,F1/LAS,Geographic,Individual,HRL,6,59.166666666666664,0.8700980392156862,1.0,1.0,0.0,True
sib200_mt5,sib200,mT5,F1/LAS,Geographic,Individual,LRL,39,49.07692307692308,0.72056637593722,0.9230769230769231,0.7435897435897436,0.0069788411825144,True
sib200_mt5,sib200,mT5,F1/LAS,Geographic,Individual,MRL,29,49.827586206896555,0.732758620689655,1.0,0.7586206896551724,0.0019632957205162034,True
sib200_mt5,sib200,mT5,F1/LAS,LightGBM,Trained,HRL,6,36.333333333333336,0.5343137254901961,1.0,0.8333333333333334,0.0006784755496875833,True
sib200_mt5,sib200,mT5,F1/LAS,LightGBM,Trained,LRL,39,23.641025641025642,0.3469462478413885,0.9230769230769231,0.48717948717948717,0.01340135636762234,True
sib200_mt5,sib200,mT5,F1/LAS,LightGBM,Trained,MRL,29,25.75862068965517,0.37880324543610544,1.0,0.7586206896551724,0.005143851244805858,True
sib200_mt5,sib200,mT5,F1/LAS,MLP,Trained,HRL,6,57.5,0.8455882352941176,1.0,1.0,0.0,True
sib200_mt5,sib200,mT5,F1/LAS,MLP,Trained,LRL,39,44.84615384615385,0.658360111045533,0.9230769230769231,0.7692307692307693,0.008758246468244838,True
sib200_mt5,sib200,mT5,F1/LAS,MLP,Trained,MRL,29,44.93103448275862,0.6607505070993914,1.0,0.8275862068965517,0.002220314395729317,True
sib200_mt5,sib200,mT5,F1/LAS,NNRank,NNRank,HRL,6,30.166666666666668,0.4436274509803921,1.0,0.6666666666666666,0.002542339968218324,True
sib200_mt5,sib200,mT5,F1/LAS,NNRank,NNRank,LRL,39,29.333333333333332,0.4306074715281876,0.9487179487179487,0.5897435897435898,0.009765772366073745,True
sib200_mt5,sib200,mT5,F1/LAS,NNRank,NNRank,MRL,29,28.586206896551722,0.4203853955375253,1.0,0.896551724137931,0.0013297682328408896,True
sib200_mt5,sib200,mT5,F1/LAS,Script,Individual,HRL,6,17.833333333333332,0.2622549019607843,1.0,0.5,0.004316554698116607,True
sib200_mt5,sib200,mT5,F1/LAS,Script,Individual,LRL,39,18.41025641025641,0.2702089754519422,0.8974358974358975,0.41025641025641024,0.01810331629694548,True
sib200_mt5,sib200,mT5,F1/LAS,Script,Individual,MRL,29,18.79310344827586,0.27636916835699793,1.0,0.5517241379310345,0.007560939811464238,True
sib200_mt5,sib200,mT5,F1/LAS,Typological,Individual,HRL,6,31.166666666666668,0.45833333333333326,1.0,0.3333333333333333,0.012787054929499166,True
sib200_mt5,sib200,mT5,F1/LAS,Typological,Individual,LRL,39,21.692307692307693,0.3184252519290882,0.8974358974358975,0.3333333333333333,0.01975974405370216,True
sib200_mt5,sib200,mT5,F1/LAS,Typological,Individual,MRL,29,21.82758620689655,0.3209939148073022,0.9655172413793104,0.5172413793103449,0.009747563044356438,True
sib200_mt5,sib200,mT5,F1/LAS,Wikipedia size,Individual,HRL,6,33.0,0.4852941176470588,1.0,0.6666666666666666,0.0032090357006833666,True
sib200_mt5,sib200,mT5,F1/LAS,Wikipedia size,Individual,LRL,39,32.8974358974359,0.48288412354908516,0.8717948717948718,0.46153846153846156,0.017590938406771634,True
sib200_mt5,sib200,mT5,F1/LAS,Wikipedia size,Individual,MRL,29,33.0,0.4852941176470588,1.0,0.6896551724137931,0.00444508980199518,True
sib200_xlm-r,sib200,XLM-R,F1/LAS,ASJP,Individual,HRL,6,56.333333333333336,0.8284313725490197,1.0,0.8333333333333334,0.0011770203617104333,True
sib200_xlm-r,sib200,XLM-R,F1/LAS,ASJP,Individual,LRL,39,50.15384615384615,0.7361958161190898,0.8717948717948718,0.7692307692307693,0.017974973103999963,True
sib200_xlm-r,sib200,XLM-R,F1/LAS,ASJP,Individual,MRL,29,49.89655172413793,0.7337728194726167,1.0,0.7931034482758621,0.002286317077554555,True
sib200_xlm-r,sib200,XLM-R,F1/LAS,Composite-Equal,Composite,HRL,6,59.5,0.875,1.0,0.8333333333333334,0.0008416533020457,True
sib200_xlm-r,sib200,XLM-R,F1/LAS,Composite-Equal,Composite,LRL,39,59.84615384615385,0.8784237217741054,0.9743589743589743,0.9487179487179487,0.0021836899307202742,True
sib200_xlm-r,sib200,XLM-R,F1/LAS,Composite-Equal,Composite,MRL,29,59.758620689655174,0.8788032454361054,1.0,0.9655172413793104,0.0005913719366142414,True
sib200_xlm-r,sib200,XLM-R,F1/LAS,Composite-RRF,Composite,HRL,6,58.0,0.8529411764705883,1.0,1.0,0.0,True
sib200_xlm-r,sib200,XLM-R,F1/LAS,Composite-RRF,Composite,LRL,39,58.69230769230769,0.8614553959822502,0.9743589743589743,0.9230769230769231,0.0024090040973485617,True
sib200_xlm-r,sib200,XLM-R,F1/LAS,Composite-RRF,Composite,MRL,29,58.51724137931034,0.8605476673427992,1.0,0.9655172413793104,0.0005913719366142414,True
sib200_xlm-r,sib200,XLM-R,F1/LAS,Genetic,Individual,HRL,6,65.83333333333333,0.9681372549019608,1.0,1.0,0.0,True
sib200_xlm-r,sib200,XLM-R,F1/LAS,Genetic,Individual,LRL,39,65.87179487179488,0.9668994688176274,0.9743589743589743,0.9743589743589743,0.001359837696869377,True
sib200_xlm-r,sib200,XLM-R,F1/LAS,Genetic,Individual,MRL,29,65.86206896551724,0.9685598377281947,1.0,1.0,0.0,True
sib200_xlm-r,sib200,XLM-R,F1/LAS,Geographic,Individual,HRL,6,66.33333333333333,0.9754901960784313,1.0,1.0,0.0,True
sib200_xlm-r,sib200,XLM-R,F1/LAS,Geographic,Individual,LRL,39,65.43589743589743,0.9605056069250443,0.9487179487179487,0.9487179487179487,0.003477860527511508,True
sib200_xlm-r,sib200,XLM-R,F1/LAS,Geographic,Individual,MRL,29,65.41379310344827,0.9619675456389452,1.0,1.0,0.0,True
sib200_xlm-r,sib200,XLM-R,F1/LAS,LightGBM,Trained,HRL,6,27.666666666666668,0.40686274509803916,1.0,0.3333333333333333,0.008119144868306167,True
sib200_xlm-r,sib200,XLM-R,F1/LAS,LightGBM,Trained,LRL,39,22.0,0.3229064200931208,0.8974358974358975,0.5897435897435898,0.02230598040649819,True
sib200_xlm-r,sib200,XLM-R,F1/LAS,LightGBM,Trained,MRL,29,21.448275862068964,0.31541582150101416,1.0,0.5517241379310345,0.004164041146832362,True
sib200_xlm-r,sib200,XLM-R,F1/LAS,MLP,Trained,HRL,6,39.0,0.573529411764706,1.0,0.6666666666666666,0.0012425000682268,True
sib200_xlm-r,sib200,XLM-R,F1/LAS,MLP,Trained,LRL,39,33.717948717948715,0.4952291953570726,0.9743589743589743,0.6923076923076923,0.009195412816641813,True
sib200_xlm-r,sib200,XLM-R,F1/LAS,MLP,Trained,MRL,29,35.758620689655174,0.5258620689655172,1.0,0.8275862068965517,0.0015815629426293553,True
sib200_xlm-r,sib200,XLM-R,F1/LAS,NNRank,NNRank,HRL,6,29.833333333333332,0.43872549019607837,0.8333333333333334,0.6666666666666666,0.03925620120788945,True
sib200_xlm-r,sib200,XLM-R,F1/LAS,NNRank,NNRank,LRL,39,30.71794871794872,0.45086016569392523,0.9487179487179487,0.7435897435897436,0.009901370770687685,True
sib200_xlm-r,sib200,XLM-R,F1/LAS,NNRank,NNRank,MRL,29,30.20689655172414,0.44421906693711966,1.0,0.7241379310344828,0.002420854250867569,True
sib200_xlm-r,sib200,XLM-R,F1/LAS,Script,Individual,HRL,6,40.166666666666664,0.5906862745098039,1.0,0.6666666666666666,0.0014034777420775001,True
sib200_xlm-r,sib200,XLM-R,F1/LAS,Script,Individual,LRL,39,39.53846153846154,0.5803823201521411,0.9230769230769231,0.717948717948718,0.015287693863977644,True
sib200_xlm-r,sib200,XLM-R,F1/LAS,Script,Individual,MRL,29,39.310344827586206,0.5780933062880325,1.0,0.5517241379310345,0.005584042775928211,True
sib200_xlm-r,sib200,XLM-R,F1/LAS,Typological,Individual,HRL,6,43.5,0.6397058823529411,1.0,0.8333333333333334,0.0004599926218369667,True
sib200_xlm-r,sib200,XLM-R,F1/LAS,Typological,Individual,LRL,39,44.717948717948715,0.6563545150501672,0.9487179487179487,0.8717948717948718,0.00405172546001507,True
sib200_xlm-r,sib200,XLM-R,F1/LAS,Typological,Individual,MRL,29,44.58620689655172,0.6556795131845842,1.0,0.7931034482758621,0.0011828581231719379,True
sib200_xlm-r,sib200,XLM-R,F1/LAS,Wikipedia size,Individual,HRL,6,50.333333333333336,0.7401960784313726,1.0,1.0,0.0,True
sib200_xlm-r,sib200,XLM-R,F1/LAS,Wikipedia size,Individual,LRL,39,36.38461538461539,0.5341005967604433,0.9230769230769231,0.717948717948718,0.00953207842342768,True
sib200_xlm-r,sib200,XLM-R,F1/LAS,Wikipedia size,Individual,MRL,29,35.62068965517241,0.5238336713995944,1.0,0.8275862068965517,0.0030040827777912133,True
taxi1500_mt5,taxi1500,mT5,F1/LAS,ASJP,Individual,HRL,7,26.857142857142858,0.9218390804597701,1.0,1.0,0.0,True
taxi1500_mt5,taxi1500,mT5,F1/LAS,ASJP,Individual,LRL,701,26.908701854493582,0.8970010002131602,0.9215406562054208,0.8787446504992867,0.012477632404110293,True
taxi1500_mt5,taxi1500,mT5,F1/LAS,ASJP,Individual,MRL,24,27.0,0.9297413793103448,1.0,0.875,0.0019309967946283624,True
taxi1500_mt5,taxi1500,mT5,F1/LAS,Composite-Equal,Composite,HRL,7,21.0,0.7206896551724137,1.0,0.8571428571428571,0.003437457992193786,True
taxi1500_mt5,taxi1500,mT5,F1/LAS,Composite-Equal,Composite,LRL,701,21.061340941512125,0.7020791316182137,0.9029957203994294,0.8716119828815977,0.013050626273502038,True
taxi1500_mt5,taxi1500,mT5,F1/LAS,Composite-Equal,Composite,MRL,24,20.791666666666668,0.7159961685823756,1.0,0.8333333333333334,0.004477435309303933,True
taxi1500_mt5,taxi1500,mT5,F1/LAS,Composite-RRF,Composite,HRL,7,24.571428571428573,0.8433497536945813,1.0,1.0,0.0,True
taxi1500_mt5,taxi1500,mT5,F1/LAS,Composite-RRF,Composite,LRL,701,25.54493580599144,0.8515421319297555,0.9144079885877318,0.8787446504992867,0.011874128325035344,True
taxi1500_mt5,taxi1500,mT5,F1/LAS,Composite-RRF,Composite,MRL,24,25.291666666666668,0.8708333333333332,1.0,0.8333333333333334,0.0036586445351674125,True
taxi1500_mt5,taxi1500,mT5,F1/LAS,Genetic,Individual,HRL,7,21.142857142857142,0.7254515599343186,1.0,1.0,0.0,True
taxi1500_mt5,taxi1500,mT5,F1/LAS,Genetic,Individual,LRL,701,21.092724679029956,0.7031252562021414,0.9072753209700428,0.8630527817403709,0.01328557482784738,True
taxi1500_mt5,taxi1500,mT5,F1/LAS,Genetic,Individual,MRL,24,21.0,0.7231321839080459,1.0,0.9166666666666666,0.0008573681854531834,True
taxi1500_mt5,taxi1500,mT5,F1/LAS,Geographic,Individual,HRL,7,27.285714285714285,0.9362889983579639,1.0,1.0,0.0,True
taxi1500_mt5,taxi1500,mT5,F1/LAS,Geographic,Individual,LRL,701,27.63623395149786,0.9212537098070079,0.9329529243937232,0.9029957203994294,0.009010914693961357,True
taxi1500_mt5,taxi1500,mT5,F1/LAS,Geographic,Individual,MRL,24,27.541666666666668,0.9483716475095786,0.9583333333333334,0.9583333333333334,0.0024117200056435833,True
taxi1500_mt5,taxi1500,mT5,F1/LAS,LightGBM,Trained,HRL,7,10.857142857142858,0.37257799671592773,1.0,0.7142857142857143,0.012034994093334556,True
taxi1500_mt5,taxi1500,mT5,F1/LAS,LightGBM,Trained,LRL,701,10.666191155492154,0.3555561021201239,0.9243937232524965,0.8815977175463623,0.01220291112429954,True
taxi1500_mt5,taxi1500,mT5,F1/LAS,LightGBM,Trained,MRL,24,10.625,0.36594827586206896,0.75,0.375,0.028960889424677314,True
taxi1500_mt5,taxi1500,mT5,F1/LAS,MLP,Trained,HRL,7,13.428571428571429,0.4607553366174056,1.0,0.8571428571428571,0.003437457992193786,True
taxi1500_mt5,taxi1500,mT5,F1/LAS,MLP,Trained,LRL,701,13.165477888730384,0.4388689392821421,0.9101283880171184,0.8701854493580599,0.012339067329239414,True
taxi1500_mt5,taxi1500,mT5,F1/LAS,MLP,Trained,MRL,24,13.0,0.4477011494252874,0.875,0.625,0.019184865916614276,True
taxi1500_mt5,taxi1500,mT5,F1/LAS,NNRank,NNRank,HRL,7,28.428571428571427,0.9755336617405584,1.0,1.0,0.0,True
taxi1500_mt5,taxi1500,mT5,F1/LAS,NNRank,NNRank,LRL,701,28.718972895863054,0.9573466476462197,0.9172610556348074,0.8815977175463623,0.012591578492292343,True
taxi1500_mt5,taxi1500,mT5,F1/LAS,NNRank,NNRank,MRL,24,28.625,0.9856800766283526,1.0,1.0,0.0,True
taxi1500_mt5,taxi1500,mT5,F1/LAS,Script,Individual,HRL,7,15.857142857142858,0.5440065681444992,1.0,0.8571428571428571,0.005118548927904614,True
taxi1500_mt5,taxi1500,mT5,F1/LAS,Script,Individual,LRL,701,15.677603423680457,0.5226097365012216,0.9072753209700428,0.8659058487874465,0.012194580910150047,True
taxi1500_mt5,taxi1500,mT5,F1/LAS,Script,Individual,MRL,24,15.375,0.5294061302681993,0.9583333333333334,0.625,0.01276068122668616,True
taxi1500_mt5,taxi1500,mT5,F1/LAS,Typological,Individual,HRL,7,25.857142857142858,0.8873563218390804,0.8571428571428571,0.42857142857142855,0.026637017891557473,True
taxi1500_mt5,taxi1500,mT5,F1/LAS,Typological,Individual,LRL,701,25.82596291012839,0.8609080623739486,0.912981455064194,0.891583452211127,0.01254580783106438,True
taxi1500_mt5,taxi1500,mT5,F1/LAS,Typological,Individual,MRL,24,25.833333333333332,0.8896072796934865,0.9583333333333334,0.8333333333333334,0.0068703806359955745,True
taxi1500_mt5,taxi1500,mT5,F1/LAS,Wikipedia size,Individual,HRL,7,28.428571428571427,0.9755336617405584,1.0,1.0,0.0,True
taxi1500_mt5,taxi1500,mT5,F1/LAS,Wikipedia size,Individual,LRL,701,28.718972895863054,0.9573466476462197,0.9101283880171184,0.8758915834522111,0.013528138902332305,True
taxi1500_mt5,taxi1500,mT5,F1/LAS,Wikipedia size,Individual,MRL,24,28.625,0.9856800766283526,1.0,1.0,0.0,True
taxi1500_xlm-r,taxi1500,XLM-R,F1/LAS,ASJP,Individual,HRL,7,27.857142857142858,0.9561576354679804,1.0,1.0,0.0,True
taxi1500_xlm-r,taxi1500,XLM-R,F1/LAS,ASJP,Individual,LRL,701,27.935805991440798,0.9312394444717725,0.9229671897289586,0.905848787446505,0.017018086243300447,True
taxi1500_xlm-r,taxi1500,XLM-R,F1/LAS,ASJP,Individual,MRL,24,28.0,0.964176245210728,1.0,1.0,0.0,True
taxi1500_xlm-r,taxi1500,XLM-R,F1/LAS,Composite-Equal,Composite,HRL,7,19.285714285714285,0.6619047619047619,1.0,0.7142857142857143,0.005651118491796244,True
taxi1500_xlm-r,taxi1500,XLM-R,F1/LAS,Composite-Equal,Composite,LRL,701,19.99857346647646,0.6666535491170249,0.9029957203994294,0.8701854493580599,0.01580900649381914,True
taxi1500_xlm-r,taxi1500,XLM-R,F1/LAS,Composite-Equal,Composite,MRL,24,20.041666666666668,0.6900862068965518,1.0,0.9166666666666666,0.0002728587562231375,True
taxi1500_xlm-r,taxi1500,XLM-R,F1/LAS,Composite-RRF,Composite,HRL,7,20.0,0.686535303776683,1.0,0.7142857142857143,0.005651118491796244,True
taxi1500_xlm-r,taxi1500,XLM-R,F1/LAS,Composite-RRF,Composite,LRL,701,21.36804564907275,0.712305901257645,0.8815977175463623,0.8502139800285307,0.019854218737675716,True
taxi1500_xlm-r,taxi1500,XLM-R,F1/LAS,Composite-RRF,Composite,MRL,24,21.375,0.7359674329501916,1.0,0.875,0.0022800486905017376,True
taxi1500_xlm-r,taxi1500,XLM-R,F1/LAS,Genetic,Individual,HRL,7,21.142857142857142,0.725615763546798,1.0,0.5714285714285714,0.005981637841217485,True
taxi1500_xlm-r,taxi1500,XLM-R,F1/LAS,Genetic,Individual,LRL,701,21.16262482168331,0.7054552609572531,0.9144079885877318,0.8630527817403709,0.014800687459365663,True
taxi1500_xlm-r,taxi1500,XLM-R,F1/LAS,Genetic,Individual,MRL,24,21.291666666666668,0.7331417624521072,1.0,0.8333333333333334,0.004007014284581992,True
taxi1500_xlm-r,taxi1500,XLM-R,F1/LAS,Geographic,Individual,HRL,7,27.0,0.9266009852216749,1.0,1.0,0.0,True
taxi1500_xlm-r,taxi1500,XLM-R,F1/LAS,Geographic,Individual,LRL,701,27.068473609129814,0.9023283650614066,0.8930099857346647,0.8687589158345221,0.022459851856562633,True
taxi1500_xlm-r,taxi1500,XLM-R,F1/LAS,Geographic,Individual,MRL,24,27.0,0.9297413793103448,1.0,0.9166666666666666,0.0013745013853163207,True
taxi1500_xlm-r,taxi1500,XLM-R,F1/LAS,LightGBM,Trained,HRL,7,7.857142857142857,0.2696223316912972,0.8571428571428571,0.2857142857142857,0.02177747540320323,True
taxi1500_xlm-r,taxi1500,XLM-R,F1/LAS,LightGBM,Trained,LRL,701,8.161198288159772,0.27205306048830075,0.9300998573466477,0.8944365192582026,0.011358869119845664,True
taxi1500_xlm-r,taxi1500,XLM-R,F1/LAS,LightGBM,Trained,MRL,24,8.25,0.283955938697318,0.7916666666666666,0.4166666666666667,0.022709645560599238,True
taxi1500_xlm-r,taxi1500,XLM-R,F1/LAS,MLP,Trained,HRL,7,12.0,0.4116584564860427,1.0,0.7142857142857143,0.005651118491796244,True
taxi1500_xlm-r,taxi1500,XLM-R,F1/LAS,MLP,Trained,LRL,701,13.286733238231099,0.44291406365290964,0.8758915834522111,0.8259629101283881,0.020024860363071443,True
taxi1500_xlm-r,taxi1500,XLM-R,F1/LAS,MLP,Trained,MRL,24,12.833333333333334,0.4418582375478927,0.9583333333333334,0.7083333333333334,0.009333575687123771,True
taxi1500_xlm-r,taxi1500,XLM-R,F1/LAS,NNRank,NNRank,HRL,7,23.0,0.7893267651888342,1.0,0.7142857142857143,0.003419476601105886,True
taxi1500_xlm-r,taxi1500,XLM-R,F1/LAS,NNRank,NNRank,LRL,701,23.0,0.7667043796218866,0.9671897289586305,0.9429386590584878,0.00679673916718099,True
taxi1500_xlm-r,taxi1500,XLM-R,F1/LAS,NNRank,NNRank,MRL,24,23.0,0.7920019157088123,0.9583333333333334,0.875,0.00575230190078485,True
taxi1500_xlm-r,taxi1500,XLM-R,F1/LAS,Script,Individual,HRL,7,11.0,0.3768472906403941,1.0,0.5714285714285714,0.007905226668023286,True
taxi1500_xlm-r,taxi1500,XLM-R,F1/LAS,Script,Individual,LRL,701,11.252496433666192,0.3751028907800023,0.8659058487874465,0.8059914407988588,0.021422731699859383,True
taxi1500_xlm-r,taxi1500,XLM-R,F1/LAS,Script,Individual,MRL,24,10.458333333333334,0.3602011494252873,0.9166666666666666,0.625,0.01428740378982638,True
taxi1500_xlm-r,taxi1500,XLM-R,F1/LAS,Typological,Individual,HRL,7,20.0,0.6868637110016421,1.0,0.8571428571428571,0.0017425976573599144,True
taxi1500_xlm-r,taxi1500,XLM-R,F1/LAS,Typological,Individual,LRL,701,20.549215406562055,0.6850099201469165,0.905848787446505,0.8573466476462197,0.014424830410299964,True
taxi1500_xlm-r,taxi1500,XLM-R,F1/LAS,Typological,Individual,MRL,24,20.958333333333332,0.7216475095785441,0.9583333333333334,0.8333333333333334,0.0035346004016123707,True
taxi1500_xlm-r,taxi1500,XLM-R,F1/LAS,Wikipedia size,Individual,HRL,7,23.0,0.7893267651888342,1.0,0.8571428571428571,0.0017425976573599144,True
taxi1500_xlm-r,taxi1500,XLM-R,F1/LAS,Wikipedia size,Individual,LRL,701,23.0,0.7667043796218866,0.9757489300998573,0.9586305278174037,0.005024387867001346,True
taxi1500_xlm-r,taxi1500,XLM-R,F1/LAS,Wikipedia size,Individual,MRL,24,23.0,0.7920019157088123,1.0,0.9166666666666666,0.00137644881009505,True
tydiqa_mt5,tydiqa,mT5,F1/LAS,ASJP,Individual,HRL,1,7.0,1.0,1.0,1.0,0.0,False
tydiqa_mt5,tydiqa,mT5,F1/LAS,ASJP,Individual,LRL,2,7.0,1.0,1.0,1.0,0.0,False
tydiqa_mt5,tydiqa,mT5,F1/LAS,ASJP,Individual,MRL,5,7.0,1.0,1.0,1.0,0.0,False
tydiqa_mt5,tydiqa,mT5,F1/LAS,Composite-Equal,Composite,HRL,1,7.0,1.0,1.0,1.0,0.0,False
tydiqa_mt5,tydiqa,mT5,F1/LAS,Composite-Equal,Composite,LRL,2,7.0,1.0,1.0,1.0,0.0,False
tydiqa_mt5,tydiqa,mT5,F1/LAS,Composite-Equal,Composite,MRL,5,7.0,1.0,1.0,1.0,0.0,False
tydiqa_mt5,tydiqa,mT5,F1/LAS,Composite-RRF,Composite,HRL,1,7.0,1.0,1.0,1.0,0.0,False
tydiqa_mt5,tydiqa,mT5,F1/LAS,Composite-RRF,Composite,LRL,2,7.0,1.0,1.0,1.0,0.0,False
tydiqa_mt5,tydiqa,mT5,F1/LAS,Composite-RRF,Composite,MRL,5,7.0,1.0,1.0,1.0,0.0,False
tydiqa_mt5,tydiqa,mT5,F1/LAS,Genetic,Individual,HRL,1,7.0,1.0,1.0,1.0,0.0,False
tydiqa_mt5,tydiqa,mT5,F1/LAS,Genetic,Individual,LRL,2,7.0,1.0,1.0,1.0,0.0,False
tydiqa_mt5,tydiqa,mT5,F1/LAS,Genetic,Individual,MRL,5,7.0,1.0,1.0,1.0,0.0,False
tydiqa_mt5,tydiqa,mT5,F1/LAS,Geographic,Individual,HRL,1,7.0,1.0,1.0,1.0,0.0,False
tydiqa_mt5,tydiqa,mT5,F1/LAS,Geographic,Individual,LRL,2,7.0,1.0,1.0,1.0,0.0,False
tydiqa_mt5,tydiqa,mT5,F1/LAS,Geographic,Individual,MRL,5,7.0,1.0,1.0,1.0,0.0,False
tydiqa_mt5,tydiqa,mT5,F1/LAS,LightGBM,Trained,HRL,1,7.0,1.0,1.0,1.0,0.0,False
tydiqa_mt5,tydiqa,mT5,F1/LAS,LightGBM,Trained,LRL,2,7.0,1.0,1.0,1.0,0.0,False
tydiqa_mt5,tydiqa,mT5,F1/LAS,LightGBM,Trained,MRL,5,7.0,1.0,1.0,1.0,0.0,False
tydiqa_mt5,tydiqa,mT5,F1/LAS,MLP,Trained,HRL,1,7.0,1.0,1.0,1.0,0.0,False
tydiqa_mt5,tydiqa,mT5,F1/LAS,MLP,Trained,LRL,2,7.0,1.0,1.0,1.0,0.0,False
tydiqa_mt5,tydiqa,mT5,F1/LAS,MLP,Trained,MRL,5,7.0,1.0,1.0,1.0,0.0,False
tydiqa_mt5,tydiqa,mT5,F1/LAS,NNRank,NNRank,HRL,1,7.0,1.0,1.0,1.0,0.0,False
tydiqa_mt5,tydiqa,mT5,F1/LAS,NNRank,NNRank,LRL,2,7.0,1.0,1.0,1.0,0.0,False
tydiqa_mt5,tydiqa,mT5,F1/LAS,NNRank,NNRank,MRL,5,7.0,1.0,1.0,1.0,0.0,False
tydiqa_mt5,tydiqa,mT5,F1/LAS,Script,Individual,HRL,1,7.0,1.0,1.0,1.0,0.0,False
tydiqa_mt5,tydiqa,mT5,F1/LAS,Script,Individual,LRL,2,7.0,1.0,1.0,1.0,0.0,False
tydiqa_mt5,tydiqa,mT5,F1/LAS,Script,Individual,MRL,5,7.0,1.0,1.0,1.0,0.0,False
tydiqa_mt5,tydiqa,mT5,F1/LAS,Typological,Individual,HRL,1,7.0,1.0,1.0,1.0,0.0,False
tydiqa_mt5,tydiqa,mT5,F1/LAS,Typological,Individual,LRL,2,7.0,1.0,1.0,1.0,0.0,False
tydiqa_mt5,tydiqa,mT5,F1/LAS,Typological,Individual,MRL,5,7.0,1.0,1.0,1.0,0.0,False
tydiqa_mt5,tydiqa,mT5,F1/LAS,Wikipedia size,Individual,HRL,1,7.0,1.0,1.0,1.0,0.0,False
tydiqa_mt5,tydiqa,mT5,F1/LAS,Wikipedia size,Individual,LRL,2,7.0,1.0,1.0,1.0,0.0,False
tydiqa_mt5,tydiqa,mT5,F1/LAS,Wikipedia size,Individual,MRL,5,7.0,1.0,1.0,1.0,0.0,False
tydiqa_xlm-r,tydiqa,XLM-R,F1/LAS,ASJP,Individual,HRL,1,7.0,1.0,1.0,1.0,0.0,False
tydiqa_xlm-r,tydiqa,XLM-R,F1/LAS,ASJP,Individual,LRL,2,7.0,1.0,1.0,1.0,0.0,False
tydiqa_xlm-r,tydiqa,XLM-R,F1/LAS,ASJP,Individual,MRL,5,7.0,1.0,1.0,1.0,0.0,False
tydiqa_xlm-r,tydiqa,XLM-R,F1/LAS,Composite-Equal,Composite,HRL,1,7.0,1.0,1.0,1.0,0.0,False
tydiqa_xlm-r,tydiqa,XLM-R,F1/LAS,Composite-Equal,Composite,LRL,2,7.0,1.0,1.0,1.0,0.0,False
tydiqa_xlm-r,tydiqa,XLM-R,F1/LAS,Composite-Equal,Composite,MRL,5,7.0,1.0,1.0,1.0,0.0,False
tydiqa_xlm-r,tydiqa,XLM-R,F1/LAS,Composite-RRF,Composite,HRL,1,7.0,1.0,1.0,1.0,0.0,False
tydiqa_xlm-r,tydiqa,XLM-R,F1/LAS,Composite-RRF,Composite,LRL,2,7.0,1.0,1.0,1.0,0.0,False
tydiqa_xlm-r,tydiqa,XLM-R,F1/LAS,Composite-RRF,Composite,MRL,5,7.0,1.0,1.0,1.0,0.0,False
tydiqa_xlm-r,tydiqa,XLM-R,F1/LAS,Genetic,Individual,HRL,1,7.0,1.0,1.0,1.0,0.0,False
tydiqa_xlm-r,tydiqa,XLM-R,F1/LAS,Genetic,Individual,LRL,2,7.0,1.0,1.0,1.0,0.0,False
tydiqa_xlm-r,tydiqa,XLM-R,F1/LAS,Genetic,Individual,MRL,5,7.0,1.0,1.0,1.0,0.0,False
tydiqa_xlm-r,tydiqa,XLM-R,F1/LAS,Geographic,Individual,HRL,1,7.0,1.0,1.0,1.0,0.0,False
tydiqa_xlm-r,tydiqa,XLM-R,F1/LAS,Geographic,Individual,LRL,2,7.0,1.0,1.0,1.0,0.0,False
tydiqa_xlm-r,tydiqa,XLM-R,F1/LAS,Geographic,Individual,MRL,5,7.0,1.0,1.0,1.0,0.0,False
tydiqa_xlm-r,tydiqa,XLM-R,F1/LAS,LightGBM,Trained,HRL,1,7.0,1.0,1.0,1.0,0.0,False
tydiqa_xlm-r,tydiqa,XLM-R,F1/LAS,LightGBM,Trained,LRL,2,7.0,1.0,1.0,1.0,0.0,False
tydiqa_xlm-r,tydiqa,XLM-R,F1/LAS,LightGBM,Trained,MRL,5,7.0,1.0,1.0,1.0,0.0,False
tydiqa_xlm-r,tydiqa,XLM-R,F1/LAS,MLP,Trained,HRL,1,7.0,1.0,1.0,1.0,0.0,False
tydiqa_xlm-r,tydiqa,XLM-R,F1/LAS,MLP,Trained,LRL,2,7.0,1.0,1.0,1.0,0.0,False
tydiqa_xlm-r,tydiqa,XLM-R,F1/LAS,MLP,Trained,MRL,5,7.0,1.0,1.0,1.0,0.0,False
tydiqa_xlm-r,tydiqa,XLM-R,F1/LAS,NNRank,NNRank,HRL,1,7.0,1.0,1.0,1.0,0.0,False
tydiqa_xlm-r,tydiqa,XLM-R,F1/LAS,NNRank,NNRank,LRL,2,7.0,1.0,1.0,1.0,0.0,False
tydiqa_xlm-r,tydiqa,XLM-R,F1/LAS,NNRank,NNRank,MRL,5,7.0,1.0,1.0,1.0,0.0,False
tydiqa_xlm-r,tydiqa,XLM-R,F1/LAS,Script,Individual,HRL,1,7.0,1.0,1.0,1.0,0.0,False
tydiqa_xlm-r,tydiqa,XLM-R,F1/LAS,Script,Individual,LRL,2,7.0,1.0,1.0,1.0,0.0,False
tydiqa_xlm-r,tydiqa,XLM-R,F1/LAS,Script,Individual,MRL,5,7.0,1.0,1.0,1.0,0.0,False
tydiqa_xlm-r,tydiqa,XLM-R,F1/LAS,Typological,Individual,HRL,1,7.0,1.0,1.0,1.0,0.0,False
tydiqa_xlm-r,tydiqa,XLM-R,F1/LAS,Typological,Individual,LRL,2,7.0,1.0,1.0,1.0,0.0,False
tydiqa_xlm-r,tydiqa,XLM-R,F1/LAS,Typological,Individual,MRL,5,7.0,1.0,1.0,1.0,0.0,False
tydiqa_xlm-r,tydiqa,XLM-R,F1/LAS,Wikipedia size,Individual,HRL,1,7.0,1.0,1.0,1.0,0.0,False
tydiqa_xlm-r,tydiqa,XLM-R,F1/LAS,Wikipedia size,Individual,LRL,2,7.0,1.0,1.0,1.0,0.0,False
tydiqa_xlm-r,tydiqa,XLM-R,F1/LAS,Wikipedia size,Individual,MRL,5,7.0,1.0,1.0,1.0,0.0,False
ud_dep_xlm-r,ud_dep,XLM-R,F1/LAS,ASJP,Individual,HRL,5,24.4,0.6594594594594595,0.8,0.8,0.0786828052687791,True
ud_dep_xlm-r,ud_dep,XLM-R,F1/LAS,ASJP,Individual,LRL,31,24.838709677419356,0.6581241683109256,0.8064516129032258,0.7096774193548387,0.0867532349644228,True
ud_dep_xlm-r,ud_dep,XLM-R,F1/LAS,ASJP,Individual,MRL,28,22.857142857142858,0.6158809185124975,0.9642857142857143,0.9642857142857143,0.005846787407423589,True
ud_dep_xlm-r,ud_dep,XLM-R,F1/LAS,Composite-Equal,Composite,HRL,5,26.0,0.7027027027027027,1.0,1.0,0.0,True
ud_dep_xlm-r,ud_dep,XLM-R,F1/LAS,Composite-Equal,Composite,LRL,31,24.64516129032258,0.6528243013811774,0.8709677419354839,0.8387096774193549,0.05364649066183092,True
ud_dep_xlm-r,ud_dep,XLM-R,F1/LAS,Composite-Equal,Composite,MRL,28,23.285714285714285,0.6273115220483642,0.8928571428571429,0.8571428571428571,0.012069263017820303,True
ud_dep_xlm-r,ud_dep,XLM-R,F1/LAS,Composite-RRF,Composite,HRL,5,32.0,0.8648648648648649,1.0,1.0,0.0,True
ud_dep_xlm-r,ud_dep,XLM-R,F1/LAS,Composite-RRF,Composite,LRL,31,31.806451612903224,0.8428853301518836,0.9032258064516129,0.8709677419354839,0.0290378263155245,True
ud_dep_xlm-r,ud_dep,XLM-R,F1/LAS,Composite-RRF,Composite,MRL,28,31.857142857142858,0.8586161349319245,1.0,1.0,0.0,True
ud_dep_xlm-r,ud_dep,XLM-R,F1/LAS,Genetic,Individual,HRL,5,37.0,1.0,1.0,1.0,0.0,True
ud_dep_xlm-r,ud_dep,XLM-R,F1/LAS,Genetic,Individual,LRL,31,36.61290322580645,0.9702886247877759,0.967741935483871,0.967741935483871,0.0034562211981566775,True
ud_dep_xlm-r,ud_dep,XLM-R,F1/LAS,Genetic,Individual,MRL,28,36.714285714285715,0.9895600487705751,1.0,1.0,0.0,True
ud_dep_xlm-r,ud_dep,XLM-R,F1/LAS,Geographic,Individual,HRL,5,29.0,0.7837837837837838,1.0,0.8,0.00155084389452818,True
ud_dep_xlm-r,ud_dep,XLM-R,F1/LAS,Geographic,Individual,LRL,31,28.870967741935484,0.7651310053686964,0.8387096774193549,0.8064516129032258,0.04961962925698123,True
ud_dep_xlm-r,ud_dep,XLM-R,F1/LAS,Geographic,Individual,MRL,28,28.857142857142858,0.7778144686039423,1.0,0.75,0.0051286359645836,True
ud_dep_xlm-r,ud_dep,XLM-R,F1/LAS,LightGBM,Trained,HRL,5,37.0,1.0,1.0,1.0,0.0,True
ud_dep_xlm-r,ud_dep,XLM-R,F1/LAS,LightGBM,Trained,LRL,31,36.354838709677416,0.96342862387005,0.967741935483871,0.967741935483871,0.008015040569958432,True
ud_dep_xlm-r,ud_dep,XLM-R,F1/LAS,LightGBM,Trained,MRL,28,36.75,0.9904236943710628,1.0,1.0,0.0,True
ud_dep_xlm-r,ud_dep,XLM-R,F1/LAS,MLP,Trained,HRL,5,36.4,0.9837837837837838,1.0,1.0,0.0,True
ud_dep_xlm-r,ud_dep,XLM-R,F1/LAS,MLP,Trained,LRL,31,37.225806451612904,0.9863947138989585,0.9354838709677419,0.9354838709677419,0.02944045952299068,True
ud_dep_xlm-r,ud_dep,XLM-R,F1/LAS,MLP,Trained,MRL,28,36.892857142857146,0.9942338955496851,1.0,1.0,0.0,True
ud_dep_xlm-r,ud_dep,XLM-R,F1/LAS,NNRank,NNRank,HRL,5,34.0,0.918918918918919,1.0,1.0,0.0,True
ud_dep_xlm-r,ud_dep,XLM-R,F1/LAS,NNRank,NNRank,LRL,31,33.096774193548384,0.8772082778873951,0.967741935483871,0.967741935483871,0.008707698396991877,True
ud_dep_xlm-r,ud_dep,XLM-R,F1/LAS,NNRank,NNRank,MRL,28,34.0,0.9163279821174558,1.0,1.0,0.0,True
ud_dep_xlm-r,ud_dep,XLM-R,F1/LAS,Script,Individual,HRL,5,28.0,0.7567567567567568,1.0,1.0,0.0,True
ud_dep_xlm-r,ud_dep,XLM-R,F1/LAS,Script,Individual,LRL,31,28.451612903225808,0.7540494654246777,0.8709677419354839,0.8387096774193549,0.012316393663517168,True
ud_dep_xlm-r,ud_dep,XLM-R,F1/LAS,Script,Individual,MRL,28,28.142857142857142,0.7586364560048772,0.9285714285714286,0.8928571428571429,0.009795064233317321,True
ud_dep_xlm-r,ud_dep,XLM-R,F1/LAS,Typological,Individual,HRL,5,37.0,1.0,1.0,1.0,0.0,True
ud_dep_xlm-r,ud_dep,XLM-R,F1/LAS,Typological,Individual,LRL,31,36.54838709677419,0.9685908319185059,0.967741935483871,0.967741935483871,0.008015040569958432,True
ud_dep_xlm-r,ud_dep,XLM-R,F1/LAS,Typological,Individual,MRL,28,37.0,0.9971804511278196,1.0,1.0,0.0,True
ud_dep_xlm-r,ud_dep,XLM-R,F1/LAS,Wikipedia size,Individual,HRL,5,34.0,0.918918918918919,1.0,1.0,0.0,True
ud_dep_xlm-r,ud_dep,XLM-R,F1/LAS,Wikipedia size,Individual,LRL,31,33.16129032258065,0.8789060707566649,0.967741935483871,0.967741935483871,0.008707698396991877,True
ud_dep_xlm-r,ud_dep,XLM-R,F1/LAS,Wikipedia size,Individual,MRL,28,34.0,0.9163279821174558,1.0,1.0,0.0,True
ud_pos_mt5,ud_pos,mT5,F1/LAS,ASJP,Individual,HRL,5,31.2,0.8432432432432433,0.8,0.8,0.027286039750026643,True
ud_pos_mt5,ud_pos,mT5,F1/LAS,ASJP,Individual,LRL,31,29.322580645161292,0.7768549534254119,0.9354838709677419,0.8709677419354839,0.010364858979820302,True
ud_pos_mt5,ud_pos,mT5,F1/LAS,ASJP,Individual,MRL,28,28.785714285714285,0.7755791505791506,1.0,0.9642857142857143,0.0010074759066330393,True
ud_pos_mt5,ud_pos,mT5,F1/LAS,Composite-Equal,Composite,HRL,5,36.0,0.972972972972973,0.8,0.8,0.027286039750026643,True
ud_pos_mt5,ud_pos,mT5,F1/LAS,Composite-Equal,Composite,LRL,31,35.67741935483871,0.9452576515394853,0.967741935483871,0.967741935483871,0.0017060948474803548,True
ud_pos_mt5,ud_pos,mT5,F1/LAS,Composite-Equal,Composite,MRL,28,36.0,0.970229628124365,1.0,1.0,0.0,True
ud_pos_mt5,ud_pos,mT5,F1/LAS,Composite-RRF,Composite,HRL,5,32.0,0.8648648648648649,0.8,0.8,0.027286039750026643,True
ud_pos_mt5,ud_pos,mT5,F1/LAS,Composite-RRF,Composite,LRL,31,31.225806451612904,0.8276051943284541,0.967741935483871,0.9354838709677419,0.0027491543152029646,True
ud_pos_mt5,ud_pos,mT5,F1/LAS,Composite-RRF,Composite,MRL,28,31.428571428571427,0.8471855313960577,1.0,1.0,0.0,True
ud_pos_mt5,ud_pos,mT5,F1/LAS,Genetic,Individual,HRL,5,37.0,1.0,1.0,1.0,0.0,True
ud_pos_mt5,ud_pos,mT5,F1/LAS,Genetic,Individual,LRL,31,36.41935483870968,0.9651952461799661,0.9354838709677419,0.8064516129032258,0.006603082501549284,True
ud_pos_mt5,ud_pos,mT5,F1/LAS,Genetic,Individual,MRL,28,36.57142857142857,0.9857498475919529,1.0,1.0,0.0,True
ud_pos_mt5,ud_pos,mT5,F1/LAS,Geographic,Individual,HRL,5,34.0,0.918918918918919,1.0,1.0,0.0,True
ud_pos_mt5,ud_pos,mT5,F1/LAS,Geographic,Individual,LRL,31,33.96774193548387,0.9001284816225393,0.9354838709677419,0.9354838709677419,0.010593208702102988,True
ud_pos_mt5,ud_pos,mT5,F1/LAS,Geographic,Individual,MRL,28,34.0,0.9163279821174558,0.9642857142857143,0.8928571428571429,0.005124374988554868,True
ud_pos_mt5,ud_pos,mT5,F1/LAS,LightGBM,Trained,HRL,5,36.6,0.9891891891891891,1.0,1.0,0.0,True
ud_pos_mt5,ud_pos,mT5,F1/LAS,LightGBM,Trained,LRL,31,34.41935483870968,0.9122654063231314,1.0,1.0,0.0,True
ud_pos_mt5,ud_pos,mT5,F1/LAS,LightGBM,Trained,MRL,28,34.25,0.9233895549685024,1.0,1.0,0.0,True
ud_pos_mt5,ud_pos,mT5,F1/LAS,MLP,Trained,HRL,5,35.8,0.9675675675675677,0.8,0.8,0.027286039750026643,True
ud_pos_mt5,ud_pos,mT5,F1/LAS,MLP,Trained,LRL,31,35.29032258064516,0.9350020648832194,0.967741935483871,0.9032258064516129,0.002804397232481626,True
ud_pos_mt5,ud_pos,mT5,F1/LAS,MLP,Trained,MRL,28,35.714285714285715,0.9625584230847389,1.0,1.0,0.0,True
ud_pos_mt5,ud_pos,mT5,F1/LAS,NNRank,NNRank,HRL,5,30.0,0.8108108108108109,0.8,0.8,0.027286039750026643,True
ud_pos_mt5,ud_pos,mT5,F1/LAS,NNRank,NNRank,LRL,31,30.0,0.7949800394622127,0.8709677419354839,0.7419354838709677,0.011344797436370924,True
ud_pos_mt5,ud_pos,mT5,F1/LAS,NNRank,NNRank,MRL,28,30.0,0.8085246901036375,1.0,1.0,0.0,True
ud_pos_mt5,ud_pos,mT5,F1/LAS,Script,Individual,HRL,5,32.0,0.8648648648648649,0.8,0.8,0.027286039750026643,True
ud_pos_mt5,ud_pos,mT5,F1/LAS,Script,Individual,LRL,31,32.193548387096776,0.8530720873675034,0.967741935483871,0.9032258064516129,0.00831541004450989,True
ud_pos_mt5,ud_pos,mT5,F1/LAS,Script,Individual,MRL,28,32.142857142857146,0.8662365372891688,0.9642857142857143,0.8928571428571429,0.007022488576845597,True
ud_pos_mt5,ud_pos,mT5,F1/LAS,Typological,Individual,HRL,5,37.0,1.0,1.0,1.0,0.0,True
ud_pos_mt5,ud_pos,mT5,F1/LAS,Typological,Individual,LRL,31,36.774193548387096,0.9743725049327766,0.967741935483871,0.9354838709677419,0.002236277662527455,True
ud_pos_mt5,ud_pos,mT5,F1/LAS,Typological,Individual,MRL,28,37.0,0.9971804511278196,1.0,1.0,0.0,True
ud_pos_mt5,ud_pos,mT5,F1/LAS,Wikipedia size,Individual,HRL,5,30.0,0.8108108108108109,1.0,1.0,0.0,True
ud_pos_mt5,ud_pos,mT5,F1/LAS,Wikipedia size,Individual,LRL,31,30.64516129032258,0.8120726838893223,0.9354838709677419,0.8709677419354839,0.007161165398472581,True
ud_pos_mt5,ud_pos,mT5,F1/LAS,Wikipedia size,Individual,MRL,28,30.357142857142858,0.8181771997561471,0.9642857142857143,0.9285714285714286,0.004461265275162129,True
ud_pos_xlm-r,ud_pos,XLM-R,F1/LAS,ASJP,Individual,HRL,5,31.4,0.8486486486486486,0.8,0.8,0.01817569281922764,True
ud_pos_xlm-r,ud_pos,XLM-R,F1/LAS,ASJP,Individual,LRL,31,26.612903225806452,0.7048823016564952,0.9354838709677419,0.8387096774193549,0.007782451901700493,True
ud_pos_xlm-r,ud_pos,XLM-R,F1/LAS,ASJP,Individual,MRL,28,26.0,0.7002387726071937,1.0,0.8928571428571429,0.00098480240432195,True
ud_pos_xlm-r,ud_pos,XLM-R,F1/LAS,Composite-Equal,Composite,HRL,5,25.2,0.681081081081081,1.0,1.0,0.0,True
ud_pos_xlm-r,ud_pos,XLM-R,F1/LAS,Composite-Equal,Composite,LRL,31,22.741935483870968,0.6024870371220116,0.9032258064516129,0.8064516129032258,0.015892789858036976,True
ud_pos_xlm-r,ud_pos,XLM-R,F1/LAS,Composite-Equal,Composite,MRL,28,22.5,0.6061522048364153,0.9642857142857143,0.8571428571428571,0.004405102086830354,True
ud_pos_xlm-r,ud_pos,XLM-R,F1/LAS,Composite-RRF,Composite,HRL,5,32.0,0.8648648648648649,1.0,1.0,0.0,True
ud_pos_xlm-r,ud_pos,XLM-R,F1/LAS,Composite-RRF,Composite,LRL,31,30.032258064516128,0.7957601064562015,0.9354838709677419,0.9032258064516129,0.009614895560333419,True
ud_pos_xlm-r,ud_pos,XLM-R,F1/LAS,Composite-RRF,Composite,MRL,28,30.071428571428573,0.8102773826458037,1.0,0.9642857142857143,0.0007618627640733178,True
ud_pos_xlm-r,ud_pos,XLM-R,F1/LAS,Genetic,Individual,HRL,5,36.0,0.972972972972973,1.0,1.0,0.0,True
ud_pos_xlm-r,ud_pos,XLM-R,F1/LAS,Genetic,Individual,LRL,31,35.41935483870968,0.9386959115312257,0.9354838709677419,0.9354838709677419,0.010422608433459732,True
ud_pos_xlm-r,ud_pos,XLM-R,F1/LAS,Genetic,Individual,MRL,28,36.0,0.970229628124365,1.0,1.0,0.0,True
ud_pos_xlm-r,ud_pos,XLM-R,F1/LAS,Geographic,Individual,HRL,5,20.0,0.5405405405405406,1.0,1.0,0.0,True
ud_pos_xlm-r,ud_pos,XLM-R,F1/LAS,Geographic,Individual,LRL,31,20.774193548387096,0.5503602074060477,0.967741935483871,0.8064516129032258,0.01666158758222881,True
ud_pos_xlm-r,ud_pos,XLM-R,F1/LAS,Geographic,Individual,MRL,28,20.571428571428573,0.5542572647835806,1.0,0.7857142857142857,0.0051647970847838245,True
ud_pos_xlm-r,ud_pos,XLM-R,F1/LAS,LightGBM,Trained,HRL,5,25.4,0.6864864864864865,1.0,1.0,0.0,True
ud_pos_xlm-r,ud_pos,XLM-R,F1/LAS,LightGBM,Trained,LRL,31,22.387096774193548,0.5933556646629652,0.9032258064516129,0.8064516129032258,0.020743279886345917,True
ud_pos_xlm-r,ud_pos,XLM-R,F1/LAS,LightGBM,Trained,MRL,28,23.25,0.6267526925421663,1.0,1.0,0.0,True
ud_pos_xlm-r,ud_pos,XLM-R,F1/LAS,MLP,Trained,HRL,5,26.8,0.7243243243243244,1.0,1.0,0.0,True
ud_pos_xlm-r,ud_pos,XLM-R,F1/LAS,MLP,Trained,LRL,31,23.451612903225808,0.6213463038590373,0.8387096774193549,0.7096774193548387,0.01898073444422568,True
ud_pos_xlm-r,ud_pos,XLM-R,F1/LAS,MLP,Trained,MRL,28,23.357142857142858,0.6292674253200569,1.0,0.9285714285714286,0.0009214707005825786,True
ud_pos_xlm-r,ud_pos,XLM-R,F1/LAS,NNRank,NNRank,HRL,5,16.0,0.43243243243243235,1.0,1.0,0.0,True
ud_pos_xlm-r,ud_pos,XLM-R,F1/LAS,NNRank,NNRank,LRL,31,15.935483870967742,0.42229156151057673,0.9354838709677419,0.8387096774193549,0.02572747640734015,True
ud_pos_xlm-r,ud_pos,XLM-R,F1/LAS,NNRank,NNRank,MRL,28,16.0,0.43121316805527327,0.9642857142857143,0.8571428571428571,0.004184876466754186,True
ud_pos_xlm-r,ud_pos,XLM-R,F1/LAS,Script,Individual,HRL,5,24.0,0.6486486486486487,1.0,1.0,0.0,True
ud_pos_xlm-r,ud_pos,XLM-R,F1/LAS,Script,Individual,LRL,31,22.838709677419356,0.605423759922911,0.9032258064516129,0.8064516129032258,0.008457398831390241,True
ud_pos_xlm-r,ud_pos,XLM-R,F1/LAS,Script,Individual,MRL,28,23.357142857142858,0.62967384677911,0.8928571428571429,0.75,0.012402098778478764,True
ud_pos_xlm-r,ud_pos,XLM-R,F1/LAS,Typological,Individual,HRL,5,35.2,0.9513513513513514,1.0,1.0,0.0,True
ud_pos_xlm-r,ud_pos,XLM-R,F1/LAS,Typological,Individual,LRL,31,33.225806451612904,0.880649749919699,0.8709677419354839,0.8387096774193549,0.01951207328300864,True
ud_pos_xlm-r,ud_pos,XLM-R,F1/LAS,Typological,Individual,MRL,28,34.42857142857143,0.9278093883357041,1.0,0.8928571428571429,0.0018806177707297,True
ud_pos_xlm-r,ud_pos,XLM-R,F1/LAS,Wikipedia size,Individual,HRL,5,17.0,0.4594594594594595,1.0,1.0,0.0,True
ud_pos_xlm-r,ud_pos,XLM-R,F1/LAS,Wikipedia size,Individual,LRL,31,19.193548387096776,0.5082136465837654,0.8709677419354839,0.7419354838709677,0.03327220445048272,True
ud_pos_xlm-r,ud_pos,XLM-R,F1/LAS,Wikipedia size,Individual,MRL,28,18.214285714285715,0.49055070107701687,0.9285714285714286,0.5714285714285714,0.012113510023997675,True
wikiann_mt5,wikiann,mT5,F1/LAS,ASJP,Individual,HRL,5,5.4,0.16363636363636364,0.8,0.6,0.01371078770224616,True
wikiann_mt5,wikiann,mT5,F1/LAS,ASJP,Individual,LRL,23,9.391304347826088,0.2766798418972332,0.7391304347826086,0.391304347826087,0.03059480360104593,True
wikiann_mt5,wikiann,mT5,F1/LAS,ASJP,Individual,MRL,28,8.5,0.25671632289279345,0.8928571428571429,0.4642857142857143,0.019013881677517684,True
wikiann_mt5,wikiann,mT5,F1/LAS,Composite-Equal,Composite,HRL,5,6.0,0.1818181818181818,1.0,0.6,0.00367133535184636,True
wikiann_mt5,wikiann,mT5,F1/LAS,Composite-Equal,Composite,LRL,23,7.217391304347826,0.21262497093699137,0.6956521739130435,0.5652173913043478,0.0292592621843955,True
wikiann_mt5,wikiann,mT5,F1/LAS,Composite-Equal,Composite,MRL,28,6.857142857142857,0.20715558950853066,0.9285714285714286,0.5357142857142857,0.021759692755298272,True
wikiann_mt5,wikiann,mT5,F1/LAS,Composite-RRF,Composite,HRL,5,3.0,0.0909090909090909,1.0,0.6,0.00367133535184636,True
wikiann_mt5,wikiann,mT5,F1/LAS,Composite-RRF,Composite,LRL,23,7.3478260869565215,0.21646128807254122,0.7391304347826086,0.43478260869565216,0.02892879765997743,True
wikiann_mt5,wikiann,mT5,F1/LAS,Composite-RRF,Composite,MRL,28,6.071428571428571,0.18340972752737456,0.9285714285714286,0.5357142857142857,0.021880842399276488,True
wikiann_mt5,wikiann,mT5,F1/LAS,Genetic,Individual,HRL,5,10.4,0.3151515151515151,1.0,1.0,0.0,True
wikiann_mt5,wikiann,mT5,F1/LAS,Genetic,Individual,LRL,23,8.173913043478262,0.2409904673331783,0.782608695652174,0.391304347826087,0.032801874548358284,True
wikiann_mt5,wikiann,mT5,F1/LAS,Genetic,Individual,MRL,28,7.928571428571429,0.2397186147186147,0.9285714285714286,0.6428571428571429,0.008859530543936721,True
wikiann_mt5,wikiann,mT5,F1/LAS,Geographic,Individual,HRL,5,8.4,0.2545454545454545,1.0,0.6,0.00367133535184636,True
wikiann_mt5,wikiann,mT5,F1/LAS,Geographic,Individual,LRL,23,6.521739130434782,0.19204836084631477,0.782608695652174,0.391304347826087,0.03453928284890876,True
wikiann_mt5,wikiann,mT5,F1/LAS,Geographic,Individual,MRL,28,6.571428571428571,0.198497580850522,0.7857142857142857,0.42857142857142855,0.03654095127941187,True
wikiann_mt5,wikiann,mT5,F1/LAS,LightGBM,Trained,HRL,5,6.0,0.18181818181818182,1.0,0.8,0.00024877577977146,True
wikiann_mt5,wikiann,mT5,F1/LAS,LightGBM,Trained,LRL,23,7.217391304347826,0.21258622025885449,0.6956521739130435,0.34782608695652173,0.04078656427084449,True
wikiann_mt5,wikiann,mT5,F1/LAS,LightGBM,Trained,MRL,28,5.714285714285714,0.17277820218996687,0.8928571428571429,0.5,0.01829044333039386,True
wikiann_mt5,wikiann,mT5,F1/LAS,MLP,Trained,HRL,5,7.2,0.21818181818181817,1.0,0.6,0.00367133535184636,True
wikiann_mt5,wikiann,mT5,F1/LAS,MLP,Trained,LRL,23,5.6521739130434785,0.1665891653103929,0.7391304347826086,0.4782608695652174,0.027003288828622313,True
wikiann_mt5,wikiann,mT5,F1/LAS,MLP,Trained,MRL,28,5.821428571428571,0.17586580086580086,0.8571428571428571,0.5,0.02249553406533545,True
wikiann_mt5,wikiann,mT5,F1/LAS,NNRank,NNRank,HRL,5,8.2,0.24848484848484848,1.0,0.6,0.0020115780441900396,True
wikiann_mt5,wikiann,mT5,F1/LAS,NNRank,NNRank,LRL,23,9.173913043478262,0.27040223203906066,0.782608695652174,0.6956521739130435,0.020467702171647145,True
wikiann_mt5,wikiann,mT5,F1/LAS,NNRank,NNRank,MRL,28,9.0,0.27180417621594094,0.9642857142857143,0.5714285714285714,0.015503755628100769,True
wikiann_mt5,wikiann,mT5,F1/LAS,Script,Individual,HRL,5,4.8,0.14545454545454545,1.0,0.2,0.00940491175779816,True
wikiann_mt5,wikiann,mT5,F1/LAS,Script,Individual,LRL,23,8.826086956521738,0.26017205301092766,0.8260869565217391,0.6086956521739131,0.01924898781721531,True
wikiann_mt5,wikiann,mT5,F1/LAS,Script,Individual,MRL,28,8.142857142857142,0.24589381207028266,0.9642857142857143,0.39285714285714285,0.019128122714223626,True
wikiann_mt5,wikiann,mT5,F1/LAS,Typological,Individual,HRL,5,6.2,0.18787878787878787,1.0,0.6,0.005703683128471281,True
wikiann_mt5,wikiann,mT5,F1/LAS,Typological,Individual,LRL,23,9.347826086956522,0.27540106951871657,0.782608695652174,0.5652173913043478,0.016418514806420547,True
wikiann_mt5,wikiann,mT5,F1/LAS,Typological,Individual,MRL,28,9.5,0.2867647058823529,0.9285714285714286,0.5,0.01842946947579901,True
wikiann_mt5,wikiann,mT5,F1/LAS,Wikipedia size,Individual,HRL,5,10.0,0.303030303030303,1.0,0.4,0.013492660355980518,True
wikiann_mt5,wikiann,mT5,F1/LAS,Wikipedia size,Individual,LRL,23,12.0,0.3541036968146943,0.8695652173913043,0.6956521739130435,0.013594758376459156,True
wikiann_mt5,wikiann,mT5,F1/LAS,Wikipedia size,Individual,MRL,28,12.214285714285714,0.3690794499618029,0.9642857142857143,0.5357142857142857,0.013780220779303522,True
wikiann_xlm-r,wikiann,XLM-R,F1/LAS,ASJP,Individual,HRL,5,10.0,0.30303030303030304,0.8,0.6,0.05363233661737352,True
wikiann_xlm-r,wikiann,XLM-R,F1/LAS,ASJP,Individual,LRL,23,9.173913043478262,0.27051848407347123,0.6956521739130435,0.43478260869565216,0.05875595457249939,True
wikiann_xlm-r,wikiann,XLM-R,F1/LAS,ASJP,Individual,MRL,28,10.285714285714286,0.31060606060606055,0.8928571428571429,0.6071428571428571,0.047998787636149565,True
wikiann_xlm-r,wikiann,XLM-R,F1/LAS,Composite-Equal,Composite,HRL,5,10.2,0.3090909090909091,0.8,0.6,0.02637119764816052,True
wikiann_xlm-r,wikiann,XLM-R,F1/LAS,Composite-Equal,Composite,LRL,23,9.956521739130435,0.2940013950244129,0.782608695652174,0.5652173913043478,0.02639432510524548,True
wikiann_xlm-r,wikiann,XLM-R,F1/LAS,Composite-Equal,Composite,MRL,28,9.928571428571429,0.30013368983957217,0.8928571428571429,0.7142857142857143,0.04059682156546197,True
wikiann_xlm-r,wikiann,XLM-R,F1/LAS,Composite-RRF,Composite,HRL,5,6.2,0.18787878787878787,0.8,0.6,0.03193756785689626,True
wikiann_xlm-r,wikiann,XLM-R,F1/LAS,Composite-RRF,Composite,LRL,23,7.086956521739131,0.2091374099046733,0.6521739130434783,0.4782608695652174,0.042305686440914356,True
wikiann_xlm-r,wikiann,XLM-R,F1/LAS,Composite-RRF,Composite,MRL,28,7.142857142857143,0.2157499363381716,0.8928571428571429,0.5357142857142857,0.04733364411148895,True
wikiann_xlm-r,wikiann,XLM-R,F1/LAS,Genetic,Individual,HRL,5,14.8,0.44848484848484843,0.8,0.6,0.02637119764816052,True
wikiann_xlm-r,wikiann,XLM-R,F1/LAS,Genetic,Individual,LRL,23,13.695652173913043,0.4043245756800743,0.7391304347826086,0.5217391304347826,0.03571575120020456,True
wikiann_xlm-r,wikiann,XLM-R,F1/LAS,Genetic,Individual,MRL,28,13.714285714285714,0.414820473644003,0.8928571428571429,0.5,0.02566095093303336,True
wikiann_xlm-r,wikiann,XLM-R,F1/LAS,Geographic,Individual,HRL,5,16.0,0.48484848484848486,0.8,0.4,0.03164047582310612,True
wikiann_xlm-r,wikiann,XLM-R,F1/LAS,Geographic,Individual,LRL,23,15.869565217391305,0.46872820274354804,0.7391304347826086,0.6521739130434783,0.040011350689751396,True
wikiann_xlm-r,wikiann,XLM-R,F1/LAS,Geographic,Individual,MRL,28,15.071428571428571,0.45559587471352175,0.8928571428571429,0.75,0.019755594727190153,True
wikiann_xlm-r,wikiann,XLM-R,F1/LAS,LightGBM,Trained,HRL,5,15.6,0.47272727272727266,0.8,0.6,0.02637119764816052,True
wikiann_xlm-r,wikiann,XLM-R,F1/LAS,LightGBM,Trained,LRL,23,19.82608695652174,0.5861427574982562,0.9130434782608695,0.7391304347826086,0.013015387417313388,True
wikiann_xlm-r,wikiann,XLM-R,F1/LAS,LightGBM,Trained,MRL,28,18.642857142857142,0.5635663356251591,0.9285714285714286,0.8928571428571429,0.02866406867389899,True
wikiann_xlm-r,wikiann,XLM-R,F1/LAS,MLP,Trained,HRL,5,10.6,0.32121212121212117,0.8,0.6,0.02637119764816052,True
wikiann_xlm-r,wikiann,XLM-R,F1/LAS,MLP,Trained,LRL,23,10.347826086956522,0.30570409982174684,0.7391304347826086,0.4782608695652174,0.03745310944395103,True
wikiann_xlm-r,wikiann,XLM-R,F1/LAS,MLP,Trained,MRL,28,9.5,0.2872103386809269,0.8928571428571429,0.7142857142857143,0.04407653802738546,True
wikiann_xlm-r,wikiann,XLM-R,F1/LAS,NNRank,NNRank,HRL,5,16.0,0.48484848484848475,0.8,0.8,0.02856466353841632,True
wikiann_xlm-r,wikiann,XLM-R,F1/LAS,NNRank,NNRank,LRL,23,16.17391304347826,0.4775633573587537,0.9565217391304348,0.7391304347826086,0.007769894885247604,True
wikiann_xlm-r,wikiann,XLM-R,F1/LAS,NNRank,NNRank,MRL,28,16.285714285714285,0.4924242424242424,0.9642857142857143,0.8928571428571429,0.026366282097607614,True
wikiann_xlm-r,wikiann,XLM-R,F1/LAS,Script,Individual,HRL,5,17.0,0.5151515151515151,0.8,0.6,0.02637119764816052,True
wikiann_xlm-r,wikiann,XLM-R,F1/LAS,Script,Individual,LRL,23,17.434782608695652,0.5147640083701465,0.782608695652174,0.6086956521739131,0.05134937347890059,True
wikiann_xlm-r,wikiann,XLM-R,F1/LAS,Script,Individual,MRL,28,17.714285714285715,0.5355551311433665,0.9642857142857143,0.8571428571428571,0.02771155463306632,True
wikiann_xlm-r,wikiann,XLM-R,F1/LAS,Typological,Individual,HRL,5,19.8,0.6,0.8,0.6,0.023910761420542662,True
wikiann_xlm-r,wikiann,XLM-R,F1/LAS,Typological,Individual,LRL,23,18.652173913043477,0.5512671471750756,0.8695652173913043,0.782608695652174,0.018833581994337417,True
wikiann_xlm-r,wikiann,XLM-R,F1/LAS,Typological,Individual,MRL,28,17.0,0.5135599694423224,0.9285714285714286,0.6071428571428571,0.03490185009189094,True
wikiann_xlm-r,wikiann,XLM-R,F1/LAS,Wikipedia size,Individual,HRL,5,13.8,0.41818181818181815,0.8,0.8,0.026143182500917822,True
wikiann_xlm-r,wikiann,XLM-R,F1/LAS,Wikipedia size,Individual,LRL,23,14.652173913043478,0.43257382004185074,0.8695652173913043,0.6521739130434783,0.014767027649089586,True
wikiann_xlm-r,wikiann,XLM-R,F1/LAS,Wikipedia size,Individual,MRL,28,15.142857142857142,0.4576967150496562,0.9285714285714286,0.6071428571428571,0.028179121801364764,True
xnli_mt5,xnli,mT5,F1/LAS,ASJP,Individual,HRL,4,9.0,1.0,1.0,1.0,0.0,False
xnli_mt5,xnli,mT5,F1/LAS,ASJP,Individual,MRL,6,9.0,1.0,1.0,1.0,0.0,False
xnli_mt5,xnli,mT5,F1/LAS,Composite-Equal,Composite,HRL,4,9.0,1.0,1.0,1.0,0.0,False
xnli_mt5,xnli,mT5,F1/LAS,Composite-Equal,Composite,MRL,6,9.0,1.0,1.0,1.0,0.0,False
xnli_mt5,xnli,mT5,F1/LAS,Composite-RRF,Composite,HRL,4,9.0,1.0,1.0,1.0,0.0,False
xnli_mt5,xnli,mT5,F1/LAS,Composite-RRF,Composite,MRL,6,9.0,1.0,1.0,1.0,0.0,False
xnli_mt5,xnli,mT5,F1/LAS,Genetic,Individual,HRL,4,9.0,1.0,1.0,1.0,0.0,False
xnli_mt5,xnli,mT5,F1/LAS,Genetic,Individual,MRL,6,9.0,1.0,1.0,1.0,0.0,False
xnli_mt5,xnli,mT5,F1/LAS,Geographic,Individual,HRL,4,9.0,1.0,1.0,1.0,0.0,False
xnli_mt5,xnli,mT5,F1/LAS,Geographic,Individual,MRL,6,9.0,1.0,1.0,1.0,0.0,False
xnli_mt5,xnli,mT5,F1/LAS,LightGBM,Trained,HRL,4,9.0,1.0,1.0,1.0,0.0,False
xnli_mt5,xnli,mT5,F1/LAS,LightGBM,Trained,MRL,6,9.0,1.0,1.0,1.0,0.0,False
xnli_mt5,xnli,mT5,F1/LAS,MLP,Trained,HRL,4,9.0,1.0,1.0,1.0,0.0,False
xnli_mt5,xnli,mT5,F1/LAS,MLP,Trained,MRL,6,9.0,1.0,1.0,1.0,0.0,False
xnli_mt5,xnli,mT5,F1/LAS,NNRank,NNRank,HRL,4,9.0,1.0,1.0,1.0,0.0,False
xnli_mt5,xnli,mT5,F1/LAS,NNRank,NNRank,MRL,6,9.0,1.0,1.0,1.0,0.0,False
xnli_mt5,xnli,mT5,F1/LAS,Script,Individual,HRL,4,9.0,1.0,1.0,1.0,0.0,False
xnli_mt5,xnli,mT5,F1/LAS,Script,Individual,MRL,6,9.0,1.0,1.0,1.0,0.0,False
xnli_mt5,xnli,mT5,F1/LAS,Typological,Individual,HRL,4,9.0,1.0,1.0,1.0,0.0,False
xnli_mt5,xnli,mT5,F1/LAS,Typological,Individual,MRL,6,9.0,1.0,1.0,1.0,0.0,False
xnli_mt5,xnli,mT5,F1/LAS,Wikipedia size,Individual,HRL,4,9.0,1.0,1.0,1.0,0.0,False
xnli_mt5,xnli,mT5,F1/LAS,Wikipedia size,Individual,MRL,6,9.0,1.0,1.0,1.0,0.0,False
xnli_xlm-r,xnli,XLM-R,F1/LAS,ASJP,Individual,HRL,4,9.0,1.0,1.0,1.0,0.0,False
xnli_xlm-r,xnli,XLM-R,F1/LAS,ASJP,Individual,MRL,6,9.0,1.0,1.0,1.0,0.0,False
xnli_xlm-r,xnli,XLM-R,F1/LAS,Composite-Equal,Composite,HRL,4,9.0,1.0,1.0,1.0,0.0,False
xnli_xlm-r,xnli,XLM-R,F1/LAS,Composite-Equal,Composite,MRL,6,9.0,1.0,1.0,1.0,0.0,False
xnli_xlm-r,xnli,XLM-R,F1/LAS,Composite-RRF,Composite,HRL,4,9.0,1.0,1.0,1.0,0.0,False
xnli_xlm-r,xnli,XLM-R,F1/LAS,Composite-RRF,Composite,MRL,6,9.0,1.0,1.0,1.0,0.0,False
xnli_xlm-r,xnli,XLM-R,F1/LAS,Genetic,Individual,HRL,4,9.0,1.0,1.0,1.0,0.0,False
xnli_xlm-r,xnli,XLM-R,F1/LAS,Genetic,Individual,MRL,6,9.0,1.0,1.0,1.0,0.0,False
xnli_xlm-r,xnli,XLM-R,F1/LAS,Geographic,Individual,HRL,4,9.0,1.0,1.0,1.0,0.0,False
xnli_xlm-r,xnli,XLM-R,F1/LAS,Geographic,Individual,MRL,6,9.0,1.0,1.0,1.0,0.0,False
xnli_xlm-r,xnli,XLM-R,F1/LAS,LightGBM,Trained,HRL,4,9.0,1.0,1.0,1.0,0.0,False
xnli_xlm-r,xnli,XLM-R,F1/LAS,LightGBM,Trained,MRL,6,9.0,1.0,1.0,1.0,0.0,False
xnli_xlm-r,xnli,XLM-R,F1/LAS,MLP,Trained,HRL,4,9.0,1.0,1.0,1.0,0.0,False
xnli_xlm-r,xnli,XLM-R,F1/LAS,MLP,Trained,MRL,6,9.0,1.0,1.0,1.0,0.0,False
xnli_xlm-r,xnli,XLM-R,F1/LAS,NNRank,NNRank,HRL,4,9.0,1.0,1.0,1.0,0.0,False
xnli_xlm-r,xnli,XLM-R,F1/LAS,NNRank,NNRank,MRL,6,9.0,1.0,1.0,1.0,0.0,False
xnli_xlm-r,xnli,XLM-R,F1/LAS,Script,Individual,HRL,4,9.0,1.0,1.0,1.0,0.0,False
xnli_xlm-r,xnli,XLM-R,F1/LAS,Script,Individual,MRL,6,9.0,1.0,1.0,1.0,0.0,False
xnli_xlm-r,xnli,XLM-R,F1/LAS,Typological,Individual,HRL,4,9.0,1.0,1.0,1.0,0.0,False
xnli_xlm-r,xnli,XLM-R,F1/LAS,Typological,Individual,MRL,6,9.0,1.0,1.0,1.0,0.0,False
xnli_xlm-r,xnli,XLM-R,F1/LAS,Wikipedia size,Individual,HRL,4,9.0,1.0,1.0,1.0,0.0,False
xnli_xlm-r,xnli,XLM-R,F1/LAS,Wikipedia size,Individual,MRL,6,9.0,1.0,1.0,1.0,0.0,False
xquad_mt5,xquad,mT5,F1/LAS,ASJP,Individual,HRL,3,8.0,1.0,1.0,1.0,0.0,False
xquad_mt5,xquad,mT5,F1/LAS,ASJP,Individual,MRL,6,8.0,1.0,1.0,1.0,0.0,False
xquad_mt5,xquad,mT5,F1/LAS,Composite-Equal,Composite,HRL,3,8.0,1.0,1.0,1.0,0.0,False
xquad_mt5,xquad,mT5,F1/LAS,Composite-Equal,Composite,MRL,6,8.0,1.0,1.0,1.0,0.0,False
xquad_mt5,xquad,mT5,F1/LAS,Composite-RRF,Composite,HRL,3,8.0,1.0,1.0,1.0,0.0,False
xquad_mt5,xquad,mT5,F1/LAS,Composite-RRF,Composite,MRL,6,8.0,1.0,1.0,1.0,0.0,False
xquad_mt5,xquad,mT5,F1/LAS,Genetic,Individual,HRL,3,8.0,1.0,1.0,1.0,0.0,False
xquad_mt5,xquad,mT5,F1/LAS,Genetic,Individual,MRL,6,8.0,1.0,1.0,1.0,0.0,False
xquad_mt5,xquad,mT5,F1/LAS,Geographic,Individual,HRL,3,8.0,1.0,1.0,1.0,0.0,False
xquad_mt5,xquad,mT5,F1/LAS,Geographic,Individual,MRL,6,8.0,1.0,1.0,1.0,0.0,False
xquad_mt5,xquad,mT5,F1/LAS,LightGBM,Trained,HRL,3,8.0,1.0,1.0,1.0,0.0,False
xquad_mt5,xquad,mT5,F1/LAS,LightGBM,Trained,MRL,6,8.0,1.0,1.0,1.0,0.0,False
xquad_mt5,xquad,mT5,F1/LAS,MLP,Trained,HRL,3,8.0,1.0,1.0,1.0,0.0,False
xquad_mt5,xquad,mT5,F1/LAS,MLP,Trained,MRL,6,8.0,1.0,1.0,1.0,0.0,False
xquad_mt5,xquad,mT5,F1/LAS,NNRank,NNRank,HRL,3,8.0,1.0,1.0,1.0,0.0,False
xquad_mt5,xquad,mT5,F1/LAS,NNRank,NNRank,MRL,6,8.0,1.0,1.0,1.0,0.0,False
xquad_mt5,xquad,mT5,F1/LAS,Script,Individual,HRL,3,8.0,1.0,1.0,1.0,0.0,False
xquad_mt5,xquad,mT5,F1/LAS,Script,Individual,MRL,6,8.0,1.0,1.0,1.0,0.0,False
xquad_mt5,xquad,mT5,F1/LAS,Typological,Individual,HRL,3,8.0,1.0,1.0,1.0,0.0,False
xquad_mt5,xquad,mT5,F1/LAS,Typological,Individual,MRL,6,8.0,1.0,1.0,1.0,0.0,False
xquad_mt5,xquad,mT5,F1/LAS,Wikipedia size,Individual,HRL,3,8.0,1.0,1.0,1.0,0.0,False
xquad_mt5,xquad,mT5,F1/LAS,Wikipedia size,Individual,MRL,6,8.0,1.0,1.0,1.0,0.0,False
xquad_xlm-r,xquad,XLM-R,F1/LAS,ASJP,Individual,HRL,3,8.0,1.0,1.0,1.0,0.0,False
xquad_xlm-r,xquad,XLM-R,F1/LAS,ASJP,Individual,MRL,6,8.0,1.0,1.0,1.0,0.0,False
xquad_xlm-r,xquad,XLM-R,F1/LAS,Composite-Equal,Composite,HRL,3,8.0,1.0,1.0,1.0,0.0,False
xquad_xlm-r,xquad,XLM-R,F1/LAS,Composite-Equal,Composite,MRL,6,8.0,1.0,1.0,1.0,0.0,False
xquad_xlm-r,xquad,XLM-R,F1/LAS,Composite-RRF,Composite,HRL,3,8.0,1.0,1.0,1.0,0.0,False
xquad_xlm-r,xquad,XLM-R,F1/LAS,Composite-RRF,Composite,MRL,6,8.0,1.0,1.0,1.0,0.0,False
xquad_xlm-r,xquad,XLM-R,F1/LAS,Genetic,Individual,HRL,3,8.0,1.0,1.0,1.0,0.0,False
xquad_xlm-r,xquad,XLM-R,F1/LAS,Genetic,Individual,MRL,6,8.0,1.0,1.0,1.0,0.0,False
xquad_xlm-r,xquad,XLM-R,F1/LAS,Geographic,Individual,HRL,3,8.0,1.0,1.0,1.0,0.0,False
xquad_xlm-r,xquad,XLM-R,F1/LAS,Geographic,Individual,MRL,6,8.0,1.0,1.0,1.0,0.0,False
xquad_xlm-r,xquad,XLM-R,F1/LAS,LightGBM,Trained,HRL,3,8.0,1.0,1.0,1.0,0.0,False
xquad_xlm-r,xquad,XLM-R,F1/LAS,LightGBM,Trained,MRL,6,8.0,1.0,1.0,1.0,0.0,False
xquad_xlm-r,xquad,XLM-R,F1/LAS,MLP,Trained,HRL,3,8.0,1.0,1.0,1.0,0.0,False
xquad_xlm-r,xquad,XLM-R,F1/LAS,MLP,Trained,MRL,6,8.0,1.0,1.0,1.0,0.0,False
xquad_xlm-r,xquad,XLM-R,F1/LAS,NNRank,NNRank,HRL,3,8.0,1.0,1.0,1.0,0.0,False
xquad_xlm-r,xquad,XLM-R,F1/LAS,NNRank,NNRank,MRL,6,8.0,1.0,1.0,1.0,0.0,False
xquad_xlm-r,xquad,XLM-R,F1/LAS,Script,Individual,HRL,3,8.0,1.0,1.0,1.0,0.0,False
xquad_xlm-r,xquad,XLM-R,F1/LAS,Script,Individual,MRL,6,8.0,1.0,1.0,1.0,0.0,False
xquad_xlm-r,xquad,XLM-R,F1/LAS,Typological,Individual,HRL,3,8.0,1.0,1.0,1.0,0.0,False
xquad_xlm-r,xquad,XLM-R,F1/LAS,Typological,Individual,MRL,6,8.0,1.0,1.0,1.0,0.0,False
xquad_xlm-r,xquad,XLM-R,F1/LAS,Wikipedia size,Individual,HRL,3,8.0,1.0,1.0,1.0,0.0,False
xquad_xlm-r,xquad,XLM-R,F1/LAS,Wikipedia size,Individual,MRL,6,8.0,1.0,1.0,1.0,0.0,False
