model,method,method_type,resource,n_dataset_cells,n_targets,trial_complexity,pool_fraction,near_oracle_coverage,exact_best_coverage,best_in_set_pl
XLM-R,ASJP,Individual,HRL,5,7,30.785714285714285,0.7399779906879298,0.8928571428571429,0.8214285714285714,0.027125581989184428
XLM-R,ASJP,Individual,LRL,5,707,28.296969696969697,0.8848310461891357,0.9103030303030303,0.8763636363636363,0.020500237158335658
XLM-R,ASJP,Individual,MRL,5,29,27.554744525547445,0.6567004576502511,0.9708029197080292,0.8467153284671532,0.011690173458322226
XLM-R,Composite-Equal,Composite,HRL,5,7,28.535714285714285,0.6552752427752428,0.9642857142857143,0.8214285714285714,0.006302276339130375
XLM-R,Composite-Equal,Composite,LRL,5,707,21.88,0.6633446626174363,0.9018181818181819,0.8618181818181818,0.01688492682788104
XLM-R,Composite-Equal,Composite,MRL,5,29,27.547445255474454,0.6203510273828187,0.948905109489051,0.8613138686131386,0.011837165131929355
XLM-R,Composite-RRF,Composite,HRL,5,7,29.964285714285715,0.6968370276179607,0.9642857142857143,0.8571428571428571,0.007115916740251964
XLM-R,Composite-RRF,Composite,LRL,5,707,23.452121212121213,0.7133713529546364,0.8824242424242424,0.8460606060606061,0.019615786255999874
XLM-R,Composite-RRF,Composite,MRL,5,29,30.248175182481752,0.6962709303167224,0.9781021897810219,0.8686131386861314,0.010354344140508016
XLM-R,Genetic,Individual,HRL,5,7,35.07142857142857,0.8212651064831593,0.9642857142857143,0.8214285714285714,0.006204551897475893
XLM-R,Genetic,Individual,LRL,5,707,24.184242424242424,0.7281347916138821,0.9151515151515152,0.8654545454545455,0.01415760190954915
XLM-R,Genetic,Individual,MRL,5,29,35.33576642335766,0.818778991299698,0.9781021897810219,0.8686131386861314,0.0059465326201087725
XLM-R,Geographic,Individual,HRL,5,7,32.57142857142857,0.76375043281737,0.9642857142857143,0.8571428571428571,0.005927021378148982
XLM-R,Geographic,Individual,LRL,5,707,28.401212121212122,0.874609550105747,0.8921212121212121,0.8618181818181818,0.022854510908973513
XLM-R,Geographic,Individual,MRL,5,29,31.759124087591243,0.7318652916336272,0.9781021897810219,0.8394160583941606,0.006382195700665722
XLM-R,LightGBM,Trained,HRL,5,7,21.821428571428573,0.5401643424462896,0.9285714285714286,0.6071428571428571,0.011893328045466509
XLM-R,LightGBM,Trained,LRL,5,707,10.734545454545454,0.3212656268520168,0.9284848484848485,0.8751515151515151,0.0121495301013441
XLM-R,LightGBM,Trained,MRL,5,29,22.05839416058394,0.5622102013382475,0.948905109489051,0.781021897810219,0.010718121237822568
XLM-R,MLP,Trained,HRL,5,7,24.535714285714285,0.5881923861639885,0.9642857142857143,0.7857142857142857,0.00638817207474061
XLM-R,MLP,Trained,LRL,5,707,15.452121212121211,0.46868831889213763,0.8775757575757576,0.8096969696969697,0.02031336575097781
XLM-R,MLP,Trained,MRL,5,29,24.072992700729927,0.5792301034202054,0.9708029197080292,0.8394160583941606,0.011166535665768808
XLM-R,NNRank,NNRank,HRL,5,7,23.928571428571427,0.6192371242320532,0.9285714285714286,0.8214285714285714,0.01436774504096998
XLM-R,NNRank,NNRank,LRL,5,707,23.28848484848485,0.7349233561425383,0.9648484848484848,0.9248484848484848,0.007753776506115978
XLM-R,NNRank,NNRank,MRL,5,29,23.970802919708028,0.6088279555540378,0.9781021897810219,0.8686131386861314,0.007764178530628659
XLM-R,Script,Individual,HRL,5,7,23.678571428571427,0.5637440458687923,0.9642857142857143,0.75,0.006986194334622521
XLM-R,Script,Individual,LRL,5,707,13.843636363636364,0.41159427769818635,0.8678787878787879,0.7975757575757576,0.02113767047230715
XLM-R,Script,Individual,MRL,5,29,24.2992700729927,0.5786698220330345,0.9416058394160584,0.7372262773722628,0.013885248361415319
XLM-R,Typological,Individual,HRL,5,7,30.75,0.7643942152816392,0.9642857142857143,0.8571428571428571,0.004803998086973375
XLM-R,Typological,Individual,LRL,5,707,22.716363636363635,0.6979337970084316,0.9078787878787878,0.8593939393939394,0.014007680394997094
XLM-R,Typological,Individual,MRL,5,29,31.182481751824817,0.7636032172379685,0.9781021897810219,0.8248175182481752,0.008387170769080738
XLM-R,Wikipedia size,Individual,HRL,5,7,28.107142857142858,0.6767594574896806,0.9642857142857143,0.9285714285714286,0.005104074860932446
XLM-R,Wikipedia size,Individual,LRL,5,707,23.63878787878788,0.7408964878631706,0.9660606060606061,0.9309090909090909,0.006708927972705935
XLM-R,Wikipedia size,Individual,MRL,5,29,25.335766423357665,0.6307104642221558,0.9708029197080292,0.781021897810219,0.009112020898601275
mT5,ASJP,Individual,HRL,4,7,27.26086956521739,0.663129455650842,0.9130434782608695,0.8260869565217391,0.009379584323329916
mT5,ASJP,Individual,LRL,4,707,26.711586901763223,0.8528472554970351,0.9130982367758187,0.8438287153652393,0.013238794244610866
mT5,ASJP,Individual,MRL,4,29,24.81651376146789,0.6065607815063497,0.9724770642201835,0.7247706422018348,0.006928110662344464
mT5,Composite-Equal,Composite,HRL,4,7,23.608695652173914,0.5893077164265099,0.9565217391304348,0.6956521739130435,0.008616259763572042
mT5,Composite-Equal,Composite,LRL,4,707,21.32241813602015,0.679437240156827,0.8992443324937027,0.8413098236775819,0.013327711013555923
mT5,Composite-Equal,Composite,MRL,4,29,21.825688073394495,0.551841230639432,0.981651376146789,0.7339449541284404,0.008203297457069936
mT5,Composite-RRF,Composite,HRL,4,7,23.82608695652174,0.5929652351162185,0.9565217391304348,0.782608695652174,0.007374088303596288
mT5,Composite-RRF,Composite,LRL,4,707,25.16750629722922,0.807743358887898,0.9118387909319899,0.8438287153652393,0.012261484090927408
mT5,Composite-RRF,Composite,MRL,4,29,21.770642201834864,0.5530832937115778,0.981651376146789,0.7431192660550459,0.007896906065283957
mT5,Genetic,Individual,HRL,4,7,31.652173913043477,0.7260015714068099,1.0,0.9565217391304348,0.00026442903735799566
mT5,Genetic,Individual,LRL,4,707,22.317380352644836,0.6953265651251902,0.906801007556675,0.8400503778337531,0.013359408986056883
mT5,Genetic,Individual,MRL,4,29,27.357798165137616,0.6402379487826837,0.981651376146789,0.8348623853211009,0.0034239298226468036
mT5,Geographic,Individual,HRL,4,7,32.95652173913044,0.7670405691792057,1.0,0.9130434782608695,0.0007981163808361653
mT5,Geographic,Individual,LRL,4,707,28.324937027707808,0.889448406128499,0.9282115869017632,0.8816120906801007,0.009712366475913182
mT5,Geographic,Individual,MRL,4,29,29.743119266055047,0.690147112874617,0.926605504587156,0.7522935779816514,0.011756385243426464
mT5,LightGBM,Trained,HRL,4,7,22.043478260869566,0.5073463123908489,1.0,0.8260869565217391,0.0038938996021880305
mT5,LightGBM,Trained,LRL,4,707,12.130982367758186,0.37272725681862934,0.9206549118387909,0.8513853904282116,0.012613330698615458
mT5,LightGBM,Trained,MRL,4,29,19.458715596330276,0.46294265998875095,0.9174311926605505,0.6697247706422018,0.012443719683877558
mT5,MLP,Trained,HRL,4,7,28.434782608695652,0.6185897259492815,0.9565217391304348,0.8260869565217391,0.0077760470197705
mT5,MLP,Trained,LRL,4,707,15.367758186397985,0.4611332312104235,0.9080604534005038,0.8551637279596978,0.012215704996629245
mT5,MLP,Trained,MRL,4,29,25.486238532110093,0.5668116565385721,0.9357798165137615,0.7431192660550459,0.010593585810131059
mT5,NNRank,NNRank,HRL,4,7,24.82608695652174,0.6429121145454155,0.9565217391304348,0.782608695652174,0.007032266468712754
mT5,NNRank,NNRank,LRL,4,707,28.232997481108313,0.9052359243700584,0.9130982367758187,0.8564231738035264,0.012632251279407043
mT5,NNRank,NNRank,MRL,4,29,23.926605504587155,0.6063918033634577,0.9908256880733946,0.8623853211009175,0.004336407672836764
mT5,Script,Individual,HRL,4,7,17.47826086956522,0.4536161930597066,0.9565217391304348,0.6086956521739131,0.010660170792311128
mT5,Script,Individual,LRL,4,707,16.258186397984886,0.5155123013320226,0.906801007556675,0.8375314861460957,0.012537701492155938
mT5,Script,Individual,MRL,4,29,18.73394495412844,0.4757807595491226,0.9724770642201835,0.6146788990825688,0.011538905689200633
mT5,Typological,Individual,HRL,4,7,25.391304347826086,0.6478647040116305,0.9565217391304348,0.5652173913043478,0.01268260306348929
mT5,Typological,Individual,LRL,4,707,25.573047858942065,0.8217316231753388,0.9105793450881612,0.8564231738035264,0.0126098132944037
mT5,Typological,Individual,MRL,4,29,23.440366972477065,0.6110996572324796,0.963302752293578,0.7064220183486238,0.00884030833828076
mT5,Wikipedia size,Individual,HRL,4,7,25.956521739130434,0.6656393872726882,1.0,0.782608695652174,0.003770326781913165
mT5,Wikipedia size,Individual,LRL,4,707,28.515113350125944,0.9108956159266012,0.9080604534005038,0.8501259445843828,0.013481042239811399
mT5,Wikipedia size,Individual,MRL,4,29,26.01834862385321,0.6511287838802547,0.981651376146789,0.7798165137614679,0.005868524897090811
