model,model_name,method,n_tasks,n_queries,aggregation,ndcg@3,performance_loss,top_1_accuracy,top_3_accuracy,mrr,exact_best_rank,r_precision,relevant_count,ndcg@1,precision@1,recall@1,hit@1,map@1,err@1,exact_best_hit@1,precision@3,recall@3,hit@3,map@3,err@3,exact_best_hit@3,ndcg@5,precision@5,recall@5,hit@5,map@5,err@5,exact_best_hit@5,ndcg@10,precision@10,recall@10,hit@10,map@10,err@10,exact_best_hit@10,source_artifact
mt5,mT5,rrf_equal,9,1380,equal_weight_per_held_out_task,40.418639700287095,19.850585443987303,14.006315565207872,26.173373444721783,27.218373818308464,16.539154293461152,52.35760859636017,9.77777777777778,42.81270039347319,61.8307336385921,6.460851141636989,61.8307336385921,61.8307336385921,22.75976843780842,14.006315565207872,56.3818395514099,17.747885198756304,81.23012728131705,50.7872801732368,30.2945973780502,26.173373444721783,42.39376247895368,54.562953540087534,28.670365658932653,88.12288896808504,46.85381249714165,33.82864135797232,41.68224683333645,49.46362085878671,52.35760859636017,52.35760859636017,95.46341171389656,42.00773668866324,36.22805393619993,62.99249948071041,/lustre09/project/6087787/khanadi7/langrankplus/artifacts/cross_task_generalization/mt5/summary_macro_task.csv
mt5,mT5,composite_equal,9,1380,equal_weight_per_held_out_task,40.6310569060533,20.312709859465528,14.646655817184978,27.467156582963,27.85281270171831,16.530001077118968,52.2604279530529,9.77777777777778,42.11341349884516,60.90814605240434,6.368592383018212,60.90814605240434,60.90814605240434,23.01047974339856,14.646655817184978,56.299970761183175,17.72332456168829,81.37437454787985,50.85141339984905,30.67952879520553,27.467156582963,42.46827087733842,54.69795874357968,28.73786826067873,87.41978177639777,47.03931502462894,34.10290751457809,40.998559333675566,49.56521417744187,52.2604279530529,52.2604279530529,94.36545093794297,41.94247350542268,36.46188785595886,62.40983555556133,/lustre09/project/6087787/khanadi7/langrankplus/artifacts/cross_task_generalization/mt5/summary_macro_task.csv
mt5,mT5,mlp_listnet,9,1380,equal_weight_per_held_out_task,41.03120418605417,20.66273455720098,14.359352607558485,28.63443583617968,27.24141775241568,17.18308509852368,51.12027785360809,9.77777777777778,42.16646356940175,58.95055405784271,6.17283318356205,58.95055405784271,58.95055405784271,22.991018694759823,14.359352607558485,55.936624455332186,17.61432066993299,79.79680476067894,50.28209412308301,31.1991569496929,28.63443583617968,42.55947789892653,54.56887467726897,28.673326227523376,86.84927772493874,46.60831346170737,34.099636653662785,41.33462950742114,48.74743567137267,51.12027785360809,51.12027785360809,93.8265514194008,41.04403355753277,36.18713234932042,59.45656516907479,/lustre09/project/6087787/khanadi7/langrankplus/artifacts/cross_task_generalization/mt5/summary_macro_task.csv
mt5,mT5,single_new_gen,9,1380,equal_weight_per_held_out_task,39.79515063700296,22.68350206325366,12.519448828759131,29.090498104432616,25.52437791565353,19.161093070585498,50.431714236000445,9.77777777777778,41.18453795740941,59.96949302986933,6.274727080764712,59.96949302986933,59.96949302986933,20.237532684105123,12.519448828759131,54.94106878999103,17.315653970330644,74.59109979424478,51.150947028032505,29.212188143733236,29.090498104432616,41.07436212886739,53.62772181086481,28.202749794321296,84.26470945373755,46.95372581060024,31.69815783944346,37.42703403890123,47.13340005032213,50.431714236000445,50.431714236000445,92.31735927367724,41.2863309294382,33.74755280433755,54.48749863961801,/lustre09/project/6087787/khanadi7/langrankplus/artifacts/cross_task_generalization/mt5/summary_macro_task.csv
mt5,mT5,lightgbm_lambdarank,9,1380,equal_weight_per_held_out_task,39.25201513196858,23.137890868237857,12.55915241826684,25.97638968352185,25.512316050385078,17.731766906336016,50.68348558642734,9.77777777777778,40.81272857498916,58.9487065533736,6.172648433115138,58.9487065533736,58.9487065533736,21.022995010987685,12.55915241826684,54.323721011640686,17.130449636825542,80.55258813803543,48.50736964286645,29.15956224451372,25.97638968352185,40.49050233658306,52.6196282885685,27.69870303317314,86.89530395576838,44.71131973951889,31.865518469234864,36.32907086994893,47.49283781173409,50.68348558642734,50.68348558642734,94.2274874024192,40.41193148829237,34.4662792799191,62.20934505845466,/lustre09/project/6087787/khanadi7/langrankplus/artifacts/cross_task_generalization/mt5/summary_macro_task.csv
mt5,mT5,single_script,9,1380,equal_weight_per_held_out_task,33.143150294691125,24.320022533577475,4.3291545889712495,22.373244444933643,19.350484881570097,19.974731876791218,47.52161501023806,9.77777777777778,31.65961233129029,46.44009637838903,4.921787415616681,46.44009637838903,46.44009637838903,10.175051751840426,4.3291545889712495,51.22464560462754,16.200727014721597,77.23073916452762,43.53303979263095,21.87728202516656,22.373244444933643,35.93516886904888,50.42789404976624,26.602835913772008,85.90912841735475,40.98199820420567,25.12936670229176,38.431276721006434,43.15004933983281,47.52161501023806,47.52161501023806,92.28184287527084,36.9218183111072,26.834437482494582,53.11348840727031,/lustre09/project/6087787/khanadi7/langrankplus/artifacts/cross_task_generalization/mt5/summary_macro_task.csv
mt5,mT5,single_distals_asjp,9,1380,equal_weight_per_held_out_task,37.79471590968514,24.423553095052142,15.78442158956964,24.17260221961869,26.62323560394729,19.129973251206533,50.66088076810426,9.77777777777778,39.643971903486246,57.381613342324414,6.015939112010219,57.381613342324414,57.381613342324414,22.654168326902884,15.78442158956964,53.843050038059744,16.986248344751257,76.57702095131367,48.68043495972415,29.193834481282035,24.17260221961869,40.14546078779406,52.6431415409908,27.710459659384288,84.92441805816965,44.94184984177568,32.41117334552828,37.1606571117048,46.94396729676401,50.66088076810426,50.66088076810426,92.71698763453028,40.63979319175514,34.565019786589005,57.99026123919609,/lustre09/project/6087787/khanadi7/langrankplus/artifacts/cross_task_generalization/mt5/summary_macro_task.csv
mt5,mT5,single_new_geo,9,1380,equal_weight_per_held_out_task,39.22363503759715,24.71851062125753,13.769117600299037,29.184962253849854,27.348566569484824,17.549516668132085,51.51538119350512,9.77777777777778,38.32951984771443,58.977137838891394,6.1754915616669175,58.977137838891394,58.977137838891394,20.07994510520521,13.769117600299037,56.68962285156841,17.840220188803855,79.31985876846755,51.34683409127055,28.95203583066421,29.184962253849854,40.92226855681062,54.86109607982424,28.81943692880101,86.16388798250765,47.67619317235668,31.741386928318484,38.188898347560176,47.97902836378444,51.51538119350512,51.51538119350512,93.39981569782589,42.26021218566704,34.36355517999792,63.66025989785956,/lustre09/project/6087787/khanadi7/langrankplus/artifacts/cross_task_generalization/mt5/summary_macro_task.csv
mt5,mT5,single_new_typ,9,1380,equal_weight_per_held_out_task,37.67985242870444,24.782684767710705,11.218982146603262,25.05624594077637,23.71805875328165,19.83223834065547,49.930696468232014,9.77777777777778,36.15872578275502,53.5421572672222,5.631993504499999,53.5421572672222,53.5421572672222,18.9501049893383,11.218982146603262,51.70978838945847,16.346269850170877,76.46203180344075,45.64065619115188,27.025842629060435,25.05624594077637,38.92627728828298,51.25689274476767,27.017335261272724,84.69967468506019,42.91332590862977,29.588507710496028,35.177958164299085,45.33495789363834,49.930696468232014,49.930696468232014,93.70889181306735,39.16192600676381,32.03094015259174,53.961297283602335,/lustre09/project/6087787/khanadi7/langrankplus/artifacts/cross_task_generalization/mt5/summary_macro_task.csv
mt5,mT5,random,9,1380,equal_weight_per_held_out_task,28.194917240105024,26.43614584468353,3.310783902256304,15.997858007829652,15.078761212311797,23.75809974493224,45.56382501224003,9.77777777777778,23.48732774700916,45.93747775534801,4.871525553312579,45.93747775534801,45.93747775534801,7.295369364104636,3.310783902256304,46.05252989691777,14.649092302408665,69.22362649029813,40.23977897312077,15.642949921081286,15.997858007829652,30.726366600570863,45.83857405042512,24.30817591410145,78.32173435150978,38.47105694850051,18.151399362783653,25.190798843016715,38.04060899244984,45.56382501224003,45.56382501224003,89.33736892963972,35.26649447120674,20.544412416363805,46.301126660686975,/lustre09/project/6087787/khanadi7/langrankplus/artifacts/cross_task_generalization/mt5/summary_macro_task.csv
mt5,mT5,single_distals_wiki_size,9,1380,equal_weight_per_held_out_task,28.29126513305029,30.138827989505053,3.2274059954328367,18.30122664606716,16.850210432777956,21.06286941066708,47.473965750113365,9.77777777777778,25.538720261996374,45.44097067569831,4.82187484534761,45.44097067569831,45.44097067569831,8.54680585210227,3.2274059954328367,45.16978791187142,14.384269706894758,70.37228288599573,39.03687951127692,16.922382469364937,18.30122664606716,31.565642315900977,47.295214091591575,25.03649593468468,80.95529284486268,38.59293803953214,19.74795645208489,27.27119987897169,39.49893147306034,47.473965750113365,47.473965750113365,90.21611713597412,36.61240152995332,22.582276674609563,50.301215239200815,/lustre09/project/6087787/khanadi7/langrankplus/artifacts/cross_task_generalization/mt5/summary_macro_task.csv
xlm-r,XLM-R,lightgbm_lambdarank,9,1440,equal_weight_per_held_out_task,45.67037891635356,21.88398745958591,17.1464099794769,36.881070191758326,31.387380632210554,17.600691863690898,51.31779611853074,9.82087655709703,48.85117317933364,67.12553907149648,6.97514957246133,67.12553907149648,67.12553907149648,26.37879381710284,17.1464099794769,60.333344307222575,18.88401896193177,84.02640347241022,55.47719681582334,36.57898760072138,36.881070191758326,45.94491758705437,56.62247958508787,29.62297870728405,88.99917392887022,49.725499868909246,39.06568078933498,45.578802433784375,51.19577415000059,51.34295034410975,51.2022684908282,94.65696808544575,42.33958971965595,40.89686070095425,65.21810549127858,/lustre09/project/6087787/khanadi7/langrankplus/artifacts/cross_task_generalization/xlm-r/summary_macro_task.csv
xlm-r,XLM-R,rrf_equal,9,1440,equal_weight_per_held_out_task,46.12152654686148,22.01548795192124,18.8287313951129,36.577279340313886,32.8527147270694,17.764203440876422,52.19675215670207,9.82087655709703,48.15596902281872,67.66544900025748,7.027178198762551,67.66544900025748,67.66544900025748,26.871741529496656,18.8287313951129,61.8371217337136,19.335583923154548,83.76909999613412,57.23104181684058,36.41625557259916,36.577279340313886,47.04243251700913,57.486204848335575,30.05252403556358,88.35438470234119,51.05445125489692,39.64899333791488,50.68799781129325,51.72189254757769,52.22892481668359,52.087645945308125,93.98298688371804,43.46576710081638,41.36067166405584,67.09150528862209,/lustre09/project/6087787/khanadi7/langrankplus/artifacts/cross_task_generalization/xlm-r/summary_macro_task.csv
xlm-r,XLM-R,composite_equal,9,1440,equal_weight_per_held_out_task,44.09590441078631,22.403285044619157,19.130381061192335,34.01145235847642,32.30431617430051,17.966187498297792,52.12059546766773,9.82087655709703,47.211568858666425,65.81630010240907,6.841887724612625,65.81630010240907,65.81630010240907,26.63805216095331,19.130381061192335,60.37266534986392,18.892579236552844,83.66067497323293,55.40103831454474,35.54976259679526,34.01145235847642,45.6854071055016,57.63390166330588,30.125982400264792,88.70465958486206,50.60926152204775,38.836847531873055,49.31270720300381,51.0653864823424,52.156467380348936,52.01411157842298,93.96336752682836,43.36409300397763,40.498616746957545,66.4887141773008,/lustre09/project/6087787/khanadi7/langrankplus/artifacts/cross_task_generalization/xlm-r/summary_macro_task.csv
xlm-r,XLM-R,mlp_listnet,9,1440,equal_weight_per_held_out_task,45.4266284272897,22.631450776464757,17.969941010416214,34.19932382306328,31.826744536827213,17.993816202278552,51.11838730754213,9.82087655709703,47.22779281194019,66.0621433369001,6.869048365069331,66.0621433369001,66.0621433369001,26.15388149651282,17.969941010416214,60.21719286578448,18.85431002719811,82.42902766712291,55.808340268255634,35.75018440989599,34.19932382306328,45.9590915878546,57.19766136279861,29.91254204252997,87.54051147939411,50.63613930752052,38.65334846243676,47.18263656948953,50.79091551805328,51.11681193133841,50.98109099959379,93.58480809268212,42.578593046271735,40.66957820886896,67.07499553154538,/lustre09/project/6087787/khanadi7/langrankplus/artifacts/cross_task_generalization/xlm-r/summary_macro_task.csv
xlm-r,XLM-R,single_new_typ,9,1440,equal_weight_per_held_out_task,41.41672214858569,25.55009972368445,12.736420147886806,35.27965746785433,28.79838671081107,18.89952368507985,49.83825815874544,9.82087655709703,38.54096105833472,56.509936119688845,5.917621962228138,56.509936119688845,56.509936119688845,19.229536004782688,12.736420147886806,55.68682083086532,17.499124115561198,79.8921791888954,49.94542983944801,31.68817844563404,35.27965746785433,42.25951848575675,53.3609799352256,28.00255319167078,86.73239639821944,45.900498152369465,34.57584153168539,49.53093812242175,47.3791773049949,49.8472575637708,49.72225818667237,93.41417948560805,40.205706906409766,36.24874839670269,63.669095319061775,/lustre09/project/6087787/khanadi7/langrankplus/artifacts/cross_task_generalization/xlm-r/summary_macro_task.csv
xlm-r,XLM-R,single_new_geo,9,1440,equal_weight_per_held_out_task,42.56076249149084,26.008017542197752,13.611419571842282,36.45445667185548,28.954116035661475,20.478659302734997,49.92240862899175,9.82087655709703,40.2922966424338,58.58817316630156,6.120587461273208,58.58817316630156,58.58817316630156,20.27455395223296,13.611419571842282,57.81441880589849,18.130683880991565,80.91757600709606,52.07315716699001,32.64514451060798,36.45445667185548,43.25227883685637,55.34002298460689,28.986470770533728,86.49115295862578,47.84297241786783,35.029094971518695,46.85846573192892,47.97372317656253,49.93628498258429,49.80304194944039,91.94966043766192,41.17869726579022,36.631656995923294,61.80333407318192,/lustre09/project/6087787/khanadi7/langrankplus/artifacts/cross_task_generalization/xlm-r/summary_macro_task.csv
xlm-r,XLM-R,single_distals_asjp,9,1440,equal_weight_per_held_out_task,37.89472959691231,26.93187120365436,12.895597152079894,30.846815498454436,27.3626174975344,19.42846955310422,50.938016390362186,9.82087655709703,38.661416999360775,55.02106749684355,5.767559351048822,55.02106749684355,55.02106749684355,19.931018896488208,12.895597152079894,54.17681018519565,17.04839341579714,80.16276339814024,47.32116195613631,29.31248786640177,30.846815498454436,40.37928967410181,53.34628387108998,28.000740608594047,85.68678057241988,44.5367198019919,32.44121953230493,39.86737249285844,47.20981126665946,50.94348477613728,50.82022882461965,92.83666627686124,40.34058920915711,34.78663255364044,61.83687957277935,/lustre09/project/6087787/khanadi7/langrankplus/artifacts/cross_task_generalization/xlm-r/summary_macro_task.csv
xlm-r,XLM-R,random,9,1440,equal_weight_per_held_out_task,29.224506131922404,27.524915099870576,7.619920867977031,17.45225132719459,18.511933414483945,24.175284833663557,45.152243285527305,9.82087655709703,32.737690570873426,52.48192362757811,5.510668801980668,52.48192362757811,52.48192362757811,13.213152825438236,7.619920867977031,45.06392027798891,14.31728614371268,69.31694268236905,40.32795068949815,18.3838462177218,17.45225132719459,31.55344857482923,44.20533134802075,23.433030607913206,77.8805927760746,37.021359477504106,22.00480031269392,31.11755196265192,39.44253041691594,45.15178706726721,45.03003004659188,89.40936684984302,34.8397849035356,24.27141055505732,48.81612614401772,/lustre09/project/6087787/khanadi7/langrankplus/artifacts/cross_task_generalization/xlm-r/summary_macro_task.csv
xlm-r,XLM-R,single_new_gen,9,1440,equal_weight_per_held_out_task,39.96976394497161,27.66993101678291,10.89988739765248,26.94975328912534,24.89706389110504,21.702469584080102,49.87897752226099,9.82087655709703,37.2936406678957,52.552203676989066,5.5197757235386185,52.552203676989066,52.552203676989066,17.38675744083187,10.89988739765248,56.52609351836093,17.749284219996927,79.3797876125743,49.70899016240936,27.443434064531843,26.94975328912534,41.46824109525027,55.50157688043742,29.06856333040519,85.32396368729327,47.286285121063095,30.67129496926161,45.53628260496316,46.5744645761241,49.89551419284956,49.76817866197867,91.9447867976177,40.819710822604144,32.24548019862619,57.61709662361884,/lustre09/project/6087787/khanadi7/langrankplus/artifacts/cross_task_generalization/xlm-r/summary_macro_task.csv
xlm-r,XLM-R,single_script,9,1440,equal_weight_per_held_out_task,33.53413222567783,30.47452308333628,4.514424502707218,19.99107590270537,18.787397965935863,21.557608003642628,48.19626453747703,9.82087655709703,31.865720584152363,48.03376986558859,5.069423248684466,48.03376986558859,48.03376986558859,8.493522011268384,4.514424502707218,52.678292834202615,16.596435111194936,77.38599028716547,44.91020552261801,18.693828676278176,19.99107590270537,36.53579340426991,52.28581145204396,27.464470039922723,84.74072765433549,43.02137308012709,22.74349453995178,36.76371724067243,42.96591069247064,48.1967708441743,48.06440061502647,91.72636922636924,38.09002691624263,24.79068073564233,55.794802205415344,/lustre09/project/6087787/khanadi7/langrankplus/artifacts/cross_task_generalization/xlm-r/summary_macro_task.csv
xlm-r,XLM-R,single_distals_wiki_size,9,1440,equal_weight_per_held_out_task,30.594471891029094,32.730940193871376,5.544622244590669,20.568802921683154,17.885154789492688,22.733271476169566,47.27607252210776,9.82087655709703,27.68741759028605,45.61016038578053,4.825393460764605,45.61016038578053,45.61016038578053,11.5165970403821,5.544622244590669,47.42381883007397,15.017775401702076,68.48444163283921,41.98045666041032,20.53793272473707,20.568802921683154,32.337045072409175,46.84803460550407,24.745243895956555,78.78652361451387,39.58326109276418,22.26862848688509,25.6023701543505,39.78192476615841,47.28990063409034,47.16537929658901,88.93875167684692,37.34477181040563,24.835370651929995,49.370806849148366,/lustre09/project/6087787/khanadi7/langrankplus/artifacts/cross_task_generalization/xlm-r/summary_macro_task.csv
