model,model_name,aggregation,method_a,method_b,ndcg_p_value,performance_loss_p_value,source_artifact
mt5,mT5,paired_held_out_tasks,random,single_new_gen,0.0630207685667028,0.3960473650870673,/lustre09/project/6087787/khanadi7/langrankplus/artifacts/cross_task_generalization/mt5/pairwise_macro_task.csv
mt5,mT5,paired_held_out_tasks,random,single_new_typ,0.0605095545529326,0.682447536164089,/lustre09/project/6087787/khanadi7/langrankplus/artifacts/cross_task_generalization/mt5/pairwise_macro_task.csv
mt5,mT5,paired_held_out_tasks,random,single_new_geo,0.0341149577150105,0.72351157480627,/lustre09/project/6087787/khanadi7/langrankplus/artifacts/cross_task_generalization/mt5/pairwise_macro_task.csv
mt5,mT5,paired_held_out_tasks,random,single_script,0.0527518034363909,0.4864902468585674,/lustre09/project/6087787/khanadi7/langrankplus/artifacts/cross_task_generalization/mt5/pairwise_macro_task.csv
mt5,mT5,paired_held_out_tasks,random,single_distals_asjp,0.1022054514667113,0.7080480170923384,/lustre09/project/6087787/khanadi7/langrankplus/artifacts/cross_task_generalization/mt5/pairwise_macro_task.csv
mt5,mT5,paired_held_out_tasks,random,single_distals_wiki_size,0.975485027367614,0.2743642743036759,/lustre09/project/6087787/khanadi7/langrankplus/artifacts/cross_task_generalization/mt5/pairwise_macro_task.csv
mt5,mT5,paired_held_out_tasks,random,composite_equal,0.0161975872428625,0.1977494170662317,/lustre09/project/6087787/khanadi7/langrankplus/artifacts/cross_task_generalization/mt5/pairwise_macro_task.csv
mt5,mT5,paired_held_out_tasks,random,rrf_equal,0.0235723556152204,0.1504383112374287,/lustre09/project/6087787/khanadi7/langrankplus/artifacts/cross_task_generalization/mt5/pairwise_macro_task.csv
mt5,mT5,paired_held_out_tasks,random,lightgbm_lambdarank,0.0586116480182806,0.4678770308818395,/lustre09/project/6087787/khanadi7/langrankplus/artifacts/cross_task_generalization/mt5/pairwise_macro_task.csv
mt5,mT5,paired_held_out_tasks,random,mlp_listnet,0.0148470527931394,0.157314625843516,/lustre09/project/6087787/khanadi7/langrankplus/artifacts/cross_task_generalization/mt5/pairwise_macro_task.csv
mt5,mT5,paired_held_out_tasks,single_new_gen,single_new_typ,0.4330326226114419,0.457080177888577,/lustre09/project/6087787/khanadi7/langrankplus/artifacts/cross_task_generalization/mt5/pairwise_macro_task.csv
mt5,mT5,paired_held_out_tasks,single_new_gen,single_new_geo,0.8181998525100452,0.5453883256389794,/lustre09/project/6087787/khanadi7/langrankplus/artifacts/cross_task_generalization/mt5/pairwise_macro_task.csv
mt5,mT5,paired_held_out_tasks,single_new_gen,single_script,0.1577143334848395,0.5505541455152867,/lustre09/project/6087787/khanadi7/langrankplus/artifacts/cross_task_generalization/mt5/pairwise_macro_task.csv
mt5,mT5,paired_held_out_tasks,single_new_gen,single_distals_asjp,0.4743058533157672,0.5730989057928229,/lustre09/project/6087787/khanadi7/langrankplus/artifacts/cross_task_generalization/mt5/pairwise_macro_task.csv
mt5,mT5,paired_held_out_tasks,single_new_gen,single_distals_wiki_size,0.0475535495979043,0.1738109621448401,/lustre09/project/6087787/khanadi7/langrankplus/artifacts/cross_task_generalization/mt5/pairwise_macro_task.csv
mt5,mT5,paired_held_out_tasks,single_new_gen,composite_equal,0.7947401948181997,0.519510208051384,/lustre09/project/6087787/khanadi7/langrankplus/artifacts/cross_task_generalization/mt5/pairwise_macro_task.csv
mt5,mT5,paired_held_out_tasks,single_new_gen,rrf_equal,0.8553116431009546,0.4230124287776057,/lustre09/project/6087787/khanadi7/langrankplus/artifacts/cross_task_generalization/mt5/pairwise_macro_task.csv
mt5,mT5,paired_held_out_tasks,single_new_gen,lightgbm_lambdarank,0.8037565669372908,0.8387575264191106,/lustre09/project/6087787/khanadi7/langrankplus/artifacts/cross_task_generalization/mt5/pairwise_macro_task.csv
mt5,mT5,paired_held_out_tasks,single_new_gen,mlp_listnet,0.611064022230729,0.4405075726746257,/lustre09/project/6087787/khanadi7/langrankplus/artifacts/cross_task_generalization/mt5/pairwise_macro_task.csv
mt5,mT5,paired_held_out_tasks,single_new_typ,single_new_geo,0.4993454307156751,0.9731043383070808,/lustre09/project/6087787/khanadi7/langrankplus/artifacts/cross_task_generalization/mt5/pairwise_macro_task.csv
mt5,mT5,paired_held_out_tasks,single_new_typ,single_script,0.1494081617252346,0.8259551509238325,/lustre09/project/6087787/khanadi7/langrankplus/artifacts/cross_task_generalization/mt5/pairwise_macro_task.csv
mt5,mT5,paired_held_out_tasks,single_new_typ,single_distals_asjp,0.971833215110893,0.8752001259127209,/lustre09/project/6087787/khanadi7/langrankplus/artifacts/cross_task_generalization/mt5/pairwise_macro_task.csv
mt5,mT5,paired_held_out_tasks,single_new_typ,single_distals_wiki_size,0.0125761191333924,0.1527326505705029,/lustre09/project/6087787/khanadi7/langrankplus/artifacts/cross_task_generalization/mt5/pairwise_macro_task.csv
mt5,mT5,paired_held_out_tasks,single_new_typ,composite_equal,0.3035006041581861,0.074079999160534,/lustre09/project/6087787/khanadi7/langrankplus/artifacts/cross_task_generalization/mt5/pairwise_macro_task.csv
mt5,mT5,paired_held_out_tasks,single_new_typ,rrf_equal,0.3412887486988556,0.0388414177897933,/lustre09/project/6087787/khanadi7/langrankplus/artifacts/cross_task_generalization/mt5/pairwise_macro_task.csv
mt5,mT5,paired_held_out_tasks,single_new_typ,lightgbm_lambdarank,0.5584258597064332,0.3438027903924652,/lustre09/project/6087787/khanadi7/langrankplus/artifacts/cross_task_generalization/mt5/pairwise_macro_task.csv
mt5,mT5,paired_held_out_tasks,single_new_typ,mlp_listnet,0.1818219048255235,0.0236176308781726,/lustre09/project/6087787/khanadi7/langrankplus/artifacts/cross_task_generalization/mt5/pairwise_macro_task.csv
mt5,mT5,paired_held_out_tasks,single_new_geo,single_script,0.0704968188411917,0.8945063309802636,/lustre09/project/6087787/khanadi7/langrankplus/artifacts/cross_task_generalization/mt5/pairwise_macro_task.csv
mt5,mT5,paired_held_out_tasks,single_new_geo,single_distals_asjp,0.5782606132216017,0.8826005080527902,/lustre09/project/6087787/khanadi7/langrankplus/artifacts/cross_task_generalization/mt5/pairwise_macro_task.csv
mt5,mT5,paired_held_out_tasks,single_new_geo,single_distals_wiki_size,0.0199106103530532,0.1811041691378462,/lustre09/project/6087787/khanadi7/langrankplus/artifacts/cross_task_generalization/mt5/pairwise_macro_task.csv
mt5,mT5,paired_held_out_tasks,single_new_geo,composite_equal,0.5514740958119733,0.0676961470267443,/lustre09/project/6087787/khanadi7/langrankplus/artifacts/cross_task_generalization/mt5/pairwise_macro_task.csv
mt5,mT5,paired_held_out_tasks,single_new_geo,rrf_equal,0.6358587214838347,0.0514402464175008,/lustre09/project/6087787/khanadi7/langrankplus/artifacts/cross_task_generalization/mt5/pairwise_macro_task.csv
mt5,mT5,paired_held_out_tasks,single_new_geo,lightgbm_lambdarank,0.9870931601017212,0.3628266671463176,/lustre09/project/6087787/khanadi7/langrankplus/artifacts/cross_task_generalization/mt5/pairwise_macro_task.csv
mt5,mT5,paired_held_out_tasks,single_new_geo,mlp_listnet,0.3276954837031726,0.09182221949755,/lustre09/project/6087787/khanadi7/langrankplus/artifacts/cross_task_generalization/mt5/pairwise_macro_task.csv
mt5,mT5,paired_held_out_tasks,single_script,single_distals_asjp,0.2309950706895606,0.9775536289611348,/lustre09/project/6087787/khanadi7/langrankplus/artifacts/cross_task_generalization/mt5/pairwise_macro_task.csv
mt5,mT5,paired_held_out_tasks,single_script,single_distals_wiki_size,0.0716941252619087,0.1149034743581513,/lustre09/project/6087787/khanadi7/langrankplus/artifacts/cross_task_generalization/mt5/pairwise_macro_task.csv
mt5,mT5,paired_held_out_tasks,single_script,composite_equal,0.0174053618638481,0.2124790998332984,/lustre09/project/6087787/khanadi7/langrankplus/artifacts/cross_task_generalization/mt5/pairwise_macro_task.csv
mt5,mT5,paired_held_out_tasks,single_script,rrf_equal,0.0213226898327804,0.142762107201582,/lustre09/project/6087787/khanadi7/langrankplus/artifacts/cross_task_generalization/mt5/pairwise_macro_task.csv
mt5,mT5,paired_held_out_tasks,single_script,lightgbm_lambdarank,0.106693895899367,0.678089702119226,/lustre09/project/6087787/khanadi7/langrankplus/artifacts/cross_task_generalization/mt5/pairwise_macro_task.csv
mt5,mT5,paired_held_out_tasks,single_script,mlp_listnet,0.0149382745478955,0.12355807027307,/lustre09/project/6087787/khanadi7/langrankplus/artifacts/cross_task_generalization/mt5/pairwise_macro_task.csv
mt5,mT5,paired_held_out_tasks,single_distals_asjp,single_distals_wiki_size,0.0956764401778374,0.2746942784975894,/lustre09/project/6087787/khanadi7/langrankplus/artifacts/cross_task_generalization/mt5/pairwise_macro_task.csv
mt5,mT5,paired_held_out_tasks,single_distals_asjp,composite_equal,0.2202873005769704,0.1536469084603723,/lustre09/project/6087787/khanadi7/langrankplus/artifacts/cross_task_generalization/mt5/pairwise_macro_task.csv
mt5,mT5,paired_held_out_tasks,single_distals_asjp,rrf_equal,0.2218979232464013,0.1080119902464021,/lustre09/project/6087787/khanadi7/langrankplus/artifacts/cross_task_generalization/mt5/pairwise_macro_task.csv
mt5,mT5,paired_held_out_tasks,single_distals_asjp,lightgbm_lambdarank,0.2178247114684268,0.2837441323288475,/lustre09/project/6087787/khanadi7/langrankplus/artifacts/cross_task_generalization/mt5/pairwise_macro_task.csv
mt5,mT5,paired_held_out_tasks,single_distals_asjp,mlp_listnet,0.0674281626713718,0.1128463943212565,/lustre09/project/6087787/khanadi7/langrankplus/artifacts/cross_task_generalization/mt5/pairwise_macro_task.csv
mt5,mT5,paired_held_out_tasks,single_distals_wiki_size,composite_equal,0.0111362605640976,0.0501710718090932,/lustre09/project/6087787/khanadi7/langrankplus/artifacts/cross_task_generalization/mt5/pairwise_macro_task.csv
mt5,mT5,paired_held_out_tasks,single_distals_wiki_size,rrf_equal,0.0132058065481051,0.0369397013932904,/lustre09/project/6087787/khanadi7/langrankplus/artifacts/cross_task_generalization/mt5/pairwise_macro_task.csv
mt5,mT5,paired_held_out_tasks,single_distals_wiki_size,lightgbm_lambdarank,0.0448819516470724,0.1465027215243687,/lustre09/project/6087787/khanadi7/langrankplus/artifacts/cross_task_generalization/mt5/pairwise_macro_task.csv
mt5,mT5,paired_held_out_tasks,single_distals_wiki_size,mlp_listnet,0.0118661632888074,0.0454689680983033,/lustre09/project/6087787/khanadi7/langrankplus/artifacts/cross_task_generalization/mt5/pairwise_macro_task.csv
mt5,mT5,paired_held_out_tasks,composite_equal,rrf_equal,0.7784921631223161,0.2713596495297634,/lustre09/project/6087787/khanadi7/langrankplus/artifacts/cross_task_generalization/mt5/pairwise_macro_task.csv
mt5,mT5,paired_held_out_tasks,composite_equal,lightgbm_lambdarank,0.5489562710414309,0.2018134090897638,/lustre09/project/6087787/khanadi7/langrankplus/artifacts/cross_task_generalization/mt5/pairwise_macro_task.csv
mt5,mT5,paired_held_out_tasks,composite_equal,mlp_listnet,0.7016031440646858,0.7997247226666376,/lustre09/project/6087787/khanadi7/langrankplus/artifacts/cross_task_generalization/mt5/pairwise_macro_task.csv
mt5,mT5,paired_held_out_tasks,rrf_equal,lightgbm_lambdarank,0.5859559144055673,0.1269933174248869,/lustre09/project/6087787/khanadi7/langrankplus/artifacts/cross_task_generalization/mt5/pairwise_macro_task.csv
mt5,mT5,paired_held_out_tasks,rrf_equal,mlp_listnet,0.614726051244297,0.4624788274335907,/lustre09/project/6087787/khanadi7/langrankplus/artifacts/cross_task_generalization/mt5/pairwise_macro_task.csv
mt5,mT5,paired_held_out_tasks,lightgbm_lambdarank,mlp_listnet,0.2252452947060493,0.0985466582835001,/lustre09/project/6087787/khanadi7/langrankplus/artifacts/cross_task_generalization/mt5/pairwise_macro_task.csv
xlm-r,XLM-R,paired_held_out_tasks,random,single_new_gen,0.0365166631957682,0.9642964594077612,/lustre09/project/6087787/khanadi7/langrankplus/artifacts/cross_task_generalization/xlm-r/pairwise_macro_task.csv
xlm-r,XLM-R,paired_held_out_tasks,random,single_new_typ,0.0004051516524519,0.3511773701118634,/lustre09/project/6087787/khanadi7/langrankplus/artifacts/cross_task_generalization/xlm-r/pairwise_macro_task.csv
xlm-r,XLM-R,paired_held_out_tasks,random,single_new_geo,0.0022641082475671,0.505829371823457,/lustre09/project/6087787/khanadi7/langrankplus/artifacts/cross_task_generalization/xlm-r/pairwise_macro_task.csv
xlm-r,XLM-R,paired_held_out_tasks,random,single_script,0.0364182415005765,0.3365447282774855,/lustre09/project/6087787/khanadi7/langrankplus/artifacts/cross_task_generalization/xlm-r/pairwise_macro_task.csv
xlm-r,XLM-R,paired_held_out_tasks,random,single_distals_asjp,0.0660776561773072,0.8171119337375744,/lustre09/project/6087787/khanadi7/langrankplus/artifacts/cross_task_generalization/xlm-r/pairwise_macro_task.csv
xlm-r,XLM-R,paired_held_out_tasks,random,single_distals_wiki_size,0.6596375639309421,0.0816615190186149,/lustre09/project/6087787/khanadi7/langrankplus/artifacts/cross_task_generalization/xlm-r/pairwise_macro_task.csv
xlm-r,XLM-R,paired_held_out_tasks,random,composite_equal,0.0018991413210038,0.07077111733462,/lustre09/project/6087787/khanadi7/langrankplus/artifacts/cross_task_generalization/xlm-r/pairwise_macro_task.csv
xlm-r,XLM-R,paired_held_out_tasks,random,rrf_equal,0.0005478540707915,0.0411479371437272,/lustre09/project/6087787/khanadi7/langrankplus/artifacts/cross_task_generalization/xlm-r/pairwise_macro_task.csv
xlm-r,XLM-R,paired_held_out_tasks,random,lightgbm_lambdarank,0.006581975592124,0.0355593289488541,/lustre09/project/6087787/khanadi7/langrankplus/artifacts/cross_task_generalization/xlm-r/pairwise_macro_task.csv
xlm-r,XLM-R,paired_held_out_tasks,random,mlp_listnet,0.0008473570290582,0.0511483557298299,/lustre09/project/6087787/khanadi7/langrankplus/artifacts/cross_task_generalization/xlm-r/pairwise_macro_task.csv
xlm-r,XLM-R,paired_held_out_tasks,single_new_gen,single_new_typ,0.7292212840960215,0.4545257599560165,/lustre09/project/6087787/khanadi7/langrankplus/artifacts/cross_task_generalization/xlm-r/pairwise_macro_task.csv
xlm-r,XLM-R,paired_held_out_tasks,single_new_gen,single_new_geo,0.5692800738624996,0.6132177436395141,/lustre09/project/6087787/khanadi7/langrankplus/artifacts/cross_task_generalization/xlm-r/pairwise_macro_task.csv
xlm-r,XLM-R,paired_held_out_tasks,single_new_gen,single_script,0.0947013495883329,0.1326796240417244,/lustre09/project/6087787/khanadi7/langrankplus/artifacts/cross_task_generalization/xlm-r/pairwise_macro_task.csv
xlm-r,XLM-R,paired_held_out_tasks,single_new_gen,single_distals_asjp,0.5481946871147362,0.6539018594557267,/lustre09/project/6087787/khanadi7/langrankplus/artifacts/cross_task_generalization/xlm-r/pairwise_macro_task.csv
xlm-r,XLM-R,paired_held_out_tasks,single_new_gen,single_distals_wiki_size,0.1057088496761846,0.0416718945452312,/lustre09/project/6087787/khanadi7/langrankplus/artifacts/cross_task_generalization/xlm-r/pairwise_macro_task.csv
xlm-r,XLM-R,paired_held_out_tasks,single_new_gen,composite_equal,0.2860460319109758,0.2172817837822193,/lustre09/project/6087787/khanadi7/langrankplus/artifacts/cross_task_generalization/xlm-r/pairwise_macro_task.csv
xlm-r,XLM-R,paired_held_out_tasks,single_new_gen,rrf_equal,0.0977515279454259,0.152840789606077,/lustre09/project/6087787/khanadi7/langrankplus/artifacts/cross_task_generalization/xlm-r/pairwise_macro_task.csv
xlm-r,XLM-R,paired_held_out_tasks,single_new_gen,lightgbm_lambdarank,0.0760932889379336,0.01162413999428,/lustre09/project/6087787/khanadi7/langrankplus/artifacts/cross_task_generalization/xlm-r/pairwise_macro_task.csv
xlm-r,XLM-R,paired_held_out_tasks,single_new_gen,mlp_listnet,0.0539106650993886,0.0958320603654886,/lustre09/project/6087787/khanadi7/langrankplus/artifacts/cross_task_generalization/xlm-r/pairwise_macro_task.csv
xlm-r,XLM-R,paired_held_out_tasks,single_new_typ,single_new_geo,0.728373817401815,0.825279839733011,/lustre09/project/6087787/khanadi7/langrankplus/artifacts/cross_task_generalization/xlm-r/pairwise_macro_task.csv
xlm-r,XLM-R,paired_held_out_tasks,single_new_typ,single_script,0.0024454836293357,0.0219747839886186,/lustre09/project/6087787/khanadi7/langrankplus/artifacts/cross_task_generalization/xlm-r/pairwise_macro_task.csv
xlm-r,XLM-R,paired_held_out_tasks,single_new_typ,single_distals_asjp,0.3976195005231245,0.5304600833554564,/lustre09/project/6087787/khanadi7/langrankplus/artifacts/cross_task_generalization/xlm-r/pairwise_macro_task.csv
xlm-r,XLM-R,paired_held_out_tasks,single_new_typ,single_distals_wiki_size,0.0002422357803905,0.001932726707127,/lustre09/project/6087787/khanadi7/langrankplus/artifacts/cross_task_generalization/xlm-r/pairwise_macro_task.csv
xlm-r,XLM-R,paired_held_out_tasks,single_new_typ,composite_equal,0.3909287778831462,0.1838542428713374,/lustre09/project/6087787/khanadi7/langrankplus/artifacts/cross_task_generalization/xlm-r/pairwise_macro_task.csv
xlm-r,XLM-R,paired_held_out_tasks,single_new_typ,rrf_equal,0.0607533404332605,0.0940641714031258,/lustre09/project/6087787/khanadi7/langrankplus/artifacts/cross_task_generalization/xlm-r/pairwise_macro_task.csv
xlm-r,XLM-R,paired_held_out_tasks,single_new_typ,lightgbm_lambdarank,0.2443524721330131,0.1237564515180069,/lustre09/project/6087787/khanadi7/langrankplus/artifacts/cross_task_generalization/xlm-r/pairwise_macro_task.csv
xlm-r,XLM-R,paired_held_out_tasks,single_new_typ,mlp_listnet,0.1592895409234289,0.1958636336336306,/lustre09/project/6087787/khanadi7/langrankplus/artifacts/cross_task_generalization/xlm-r/pairwise_macro_task.csv
xlm-r,XLM-R,paired_held_out_tasks,single_new_geo,single_script,0.0321980408136853,0.1165576661834466,/lustre09/project/6087787/khanadi7/langrankplus/artifacts/cross_task_generalization/xlm-r/pairwise_macro_task.csv
xlm-r,XLM-R,paired_held_out_tasks,single_new_geo,single_distals_asjp,0.2638385263074538,0.705381637503639,/lustre09/project/6087787/khanadi7/langrankplus/artifacts/cross_task_generalization/xlm-r/pairwise_macro_task.csv
xlm-r,XLM-R,paired_held_out_tasks,single_new_geo,single_distals_wiki_size,0.0206899948665789,0.0309833664140337,/lustre09/project/6087787/khanadi7/langrankplus/artifacts/cross_task_generalization/xlm-r/pairwise_macro_task.csv
xlm-r,XLM-R,paired_held_out_tasks,single_new_geo,composite_equal,0.626377096650636,0.0860125393033071,/lustre09/project/6087787/khanadi7/langrankplus/artifacts/cross_task_generalization/xlm-r/pairwise_macro_task.csv
xlm-r,XLM-R,paired_held_out_tasks,single_new_geo,rrf_equal,0.213150645192326,0.0315927702897123,/lustre09/project/6087787/khanadi7/langrankplus/artifacts/cross_task_generalization/xlm-r/pairwise_macro_task.csv
xlm-r,XLM-R,paired_held_out_tasks,single_new_geo,lightgbm_lambdarank,0.4775813248319931,0.1332093920592655,/lustre09/project/6087787/khanadi7/langrankplus/artifacts/cross_task_generalization/xlm-r/pairwise_macro_task.csv
xlm-r,XLM-R,paired_held_out_tasks,single_new_geo,mlp_listnet,0.3257459819830424,0.0310356663413193,/lustre09/project/6087787/khanadi7/langrankplus/artifacts/cross_task_generalization/xlm-r/pairwise_macro_task.csv
xlm-r,XLM-R,paired_held_out_tasks,single_script,single_distals_asjp,0.3070629878154047,0.0988398189167948,/lustre09/project/6087787/khanadi7/langrankplus/artifacts/cross_task_generalization/xlm-r/pairwise_macro_task.csv
xlm-r,XLM-R,paired_held_out_tasks,single_script,single_distals_wiki_size,0.2837455190059236,0.0394061357051216,/lustre09/project/6087787/khanadi7/langrankplus/artifacts/cross_task_generalization/xlm-r/pairwise_macro_task.csv
xlm-r,XLM-R,paired_held_out_tasks,single_script,composite_equal,0.010292868986702,0.0386643593086139,/lustre09/project/6087787/khanadi7/langrankplus/artifacts/cross_task_generalization/xlm-r/pairwise_macro_task.csv
xlm-r,XLM-R,paired_held_out_tasks,single_script,rrf_equal,0.0017432996672339,0.0210775886815151,/lustre09/project/6087787/khanadi7/langrankplus/artifacts/cross_task_generalization/xlm-r/pairwise_macro_task.csv
xlm-r,XLM-R,paired_held_out_tasks,single_script,lightgbm_lambdarank,0.0097550558057416,0.0044545315587306,/lustre09/project/6087787/khanadi7/langrankplus/artifacts/cross_task_generalization/xlm-r/pairwise_macro_task.csv
xlm-r,XLM-R,paired_held_out_tasks,single_script,mlp_listnet,0.0016444373039414,0.0139901379896262,/lustre09/project/6087787/khanadi7/langrankplus/artifacts/cross_task_generalization/xlm-r/pairwise_macro_task.csv
xlm-r,XLM-R,paired_held_out_tasks,single_distals_asjp,single_distals_wiki_size,0.18123448088101,0.0172280650969302,/lustre09/project/6087787/khanadi7/langrankplus/artifacts/cross_task_generalization/xlm-r/pairwise_macro_task.csv
xlm-r,XLM-R,paired_held_out_tasks,single_distals_asjp,composite_equal,0.0175750847051195,0.1355428794678674,/lustre09/project/6087787/khanadi7/langrankplus/artifacts/cross_task_generalization/xlm-r/pairwise_macro_task.csv
xlm-r,XLM-R,paired_held_out_tasks,single_distals_asjp,rrf_equal,0.011281739552021,0.0788681592060337,/lustre09/project/6087787/khanadi7/langrankplus/artifacts/cross_task_generalization/xlm-r/pairwise_macro_task.csv
xlm-r,XLM-R,paired_held_out_tasks,single_distals_asjp,lightgbm_lambdarank,0.0204895164137803,0.0004809428149734,/lustre09/project/6087787/khanadi7/langrankplus/artifacts/cross_task_generalization/xlm-r/pairwise_macro_task.csv
xlm-r,XLM-R,paired_held_out_tasks,single_distals_asjp,mlp_listnet,0.0142454584705305,0.0297618628217214,/lustre09/project/6087787/khanadi7/langrankplus/artifacts/cross_task_generalization/xlm-r/pairwise_macro_task.csv
xlm-r,XLM-R,paired_held_out_tasks,single_distals_wiki_size,composite_equal,0.0106384005555348,0.0117657438023981,/lustre09/project/6087787/khanadi7/langrankplus/artifacts/cross_task_generalization/xlm-r/pairwise_macro_task.csv
xlm-r,XLM-R,paired_held_out_tasks,single_distals_wiki_size,rrf_equal,0.0017250255312855,0.005039536289621,/lustre09/project/6087787/khanadi7/langrankplus/artifacts/cross_task_generalization/xlm-r/pairwise_macro_task.csv
xlm-r,XLM-R,paired_held_out_tasks,single_distals_wiki_size,lightgbm_lambdarank,0.0072238266001228,0.0010959618349511,/lustre09/project/6087787/khanadi7/langrankplus/artifacts/cross_task_generalization/xlm-r/pairwise_macro_task.csv
xlm-r,XLM-R,paired_held_out_tasks,single_distals_wiki_size,mlp_listnet,0.0053265546967286,0.0051679975705021,/lustre09/project/6087787/khanadi7/langrankplus/artifacts/cross_task_generalization/xlm-r/pairwise_macro_task.csv
xlm-r,XLM-R,paired_held_out_tasks,composite_equal,rrf_equal,0.1239526287498437,0.7065608575078423,/lustre09/project/6087787/khanadi7/langrankplus/artifacts/cross_task_generalization/xlm-r/pairwise_macro_task.csv
xlm-r,XLM-R,paired_held_out_tasks,composite_equal,lightgbm_lambdarank,0.5132360524447542,0.8544231187971985,/lustre09/project/6087787/khanadi7/langrankplus/artifacts/cross_task_generalization/xlm-r/pairwise_macro_task.csv
xlm-r,XLM-R,paired_held_out_tasks,composite_equal,mlp_listnet,0.4151632704034325,0.8887004244467571,/lustre09/project/6087787/khanadi7/langrankplus/artifacts/cross_task_generalization/xlm-r/pairwise_macro_task.csv
xlm-r,XLM-R,paired_held_out_tasks,rrf_equal,lightgbm_lambdarank,0.8202830593133343,0.9553446424516232,/lustre09/project/6087787/khanadi7/langrankplus/artifacts/cross_task_generalization/xlm-r/pairwise_macro_task.csv
xlm-r,XLM-R,paired_held_out_tasks,rrf_equal,mlp_listnet,0.5529884170275571,0.6830650670175324,/lustre09/project/6087787/khanadi7/langrankplus/artifacts/cross_task_generalization/xlm-r/pairwise_macro_task.csv
xlm-r,XLM-R,paired_held_out_tasks,lightgbm_lambdarank,mlp_listnet,0.90096398958661,0.6671485140739876,/lustre09/project/6087787/khanadi7/langrankplus/artifacts/cross_task_generalization/xlm-r/pairwise_macro_task.csv
