task,model,method,resource_level,n_folds,mean_trial_complexity,near_oracle_hit_rate_pct,near_oracle_hit_rate_se_pct,mean_calibration_size,minimum_finite_calibration_size,finite_quantile_possible_rate_pct,infinite_threshold_rate_pct,mean_pool_fraction_pct
SIB-200,XLM-R,composite_equal,hrl,5,176.0,100.0,0.0,1.0,9,0.0,100.0,100.0
SIB-200,XLM-R,composite_equal,mrl,40,176.0,100.0,0.0,8.0,9,0.0,100.0,100.0
SIB-200,XLM-R,composite_equal,lrl,140,109.52857142857142,93.57142857142856,2.0802784336415368,28.0,9,100.0,0.0,62.23214285714286
SIB-200,XLM-R,lightgbm_lambdarank,hrl,5,176.0,100.0,0.0,1.0,9,0.0,100.0,100.0
SIB-200,XLM-R,lightgbm_lambdarank,mrl,40,176.0,100.0,0.0,8.0,9,0.0,100.0,100.0
SIB-200,XLM-R,lightgbm_lambdarank,lrl,140,46.135714285714286,92.85714285714286,2.184420483744325,28.0,9,100.0,0.0,26.213474025974023
SIB-200,XLM-R,mlp_listnet,hrl,5,176.0,100.0,0.0,1.0,9,0.0,100.0,100.0
SIB-200,XLM-R,mlp_listnet,mrl,40,176.0,100.0,0.0,8.0,9,0.0,100.0,100.0
SIB-200,XLM-R,mlp_listnet,lrl,140,58.87857142857143,90.0,2.5445667890399126,28.0,9,100.0,0.0,33.45373376623376
SIB-200,XLM-R,rrf_equal,hrl,5,176.0,100.0,0.0,1.0,9,0.0,100.0,100.0
SIB-200,XLM-R,rrf_equal,mrl,40,176.0,100.0,0.0,8.0,9,0.0,100.0,100.0
SIB-200,XLM-R,rrf_equal,lrl,140,132.68571428571428,95.0,1.84858491475246,28.0,9,100.0,0.0,75.3896103896104
SIB-200,XLM-R,single_distals_asjp,hrl,5,176.0,100.0,0.0,1.0,9,0.0,100.0,100.0
SIB-200,XLM-R,single_distals_asjp,mrl,40,176.0,100.0,0.0,8.0,9,0.0,100.0,100.0
SIB-200,XLM-R,single_distals_asjp,lrl,140,104.53571428571428,94.28571428571428,1.968776982602044,28.0,9,100.0,0.0,59.3952922077922
SIB-200,XLM-R,single_distals_wiki_size,hrl,5,176.0,100.0,0.0,1.0,9,0.0,100.0,100.0
SIB-200,XLM-R,single_distals_wiki_size,mrl,40,176.0,100.0,0.0,8.0,9,0.0,100.0,100.0
SIB-200,XLM-R,single_distals_wiki_size,lrl,140,101.77142857142856,95.0,1.84858491475246,28.0,9,100.0,0.0,57.82467532467533
SIB-200,XLM-R,single_new_gen,hrl,5,176.0,100.0,0.0,1.0,9,0.0,100.0,100.0
SIB-200,XLM-R,single_new_gen,mrl,40,176.0,100.0,0.0,8.0,9,0.0,100.0,100.0
SIB-200,XLM-R,single_new_gen,lrl,140,159.77857142857144,97.14285714285714,1.4130710990583526,28.0,9,100.0,0.0,90.7832792207792
SIB-200,XLM-R,single_new_geo,hrl,5,176.0,100.0,0.0,1.0,9,0.0,100.0,100.0
SIB-200,XLM-R,single_new_geo,mrl,40,176.0,100.0,0.0,8.0,9,0.0,100.0,100.0
SIB-200,XLM-R,single_new_geo,lrl,140,167.97142857142856,95.71428571428572,1.7178790705268918,28.0,9,100.0,0.0,95.43831168831171
SIB-200,XLM-R,single_new_typ,hrl,5,176.0,100.0,0.0,1.0,9,0.0,100.0,100.0
SIB-200,XLM-R,single_new_typ,mrl,40,176.0,100.0,0.0,8.0,9,0.0,100.0,100.0
SIB-200,XLM-R,single_new_typ,lrl,140,105.72857142857144,95.0,1.84858491475246,28.0,9,100.0,0.0,60.07305194805195
SIB-200,XLM-R,single_script,hrl,5,176.0,100.0,0.0,1.0,9,0.0,100.0,100.0
SIB-200,XLM-R,single_script,mrl,40,176.0,100.0,0.0,8.0,9,0.0,100.0,100.0
SIB-200,XLM-R,single_script,lrl,140,63.67142857142857,88.57142857142857,2.698580626068047,28.0,9,100.0,0.0,36.17694805194806
SIB-200,mT5,composite_equal,hrl,5,176.0,100.0,0.0,1.0,9,0.0,100.0,100.0
SIB-200,mT5,composite_equal,mrl,40,176.0,100.0,0.0,8.0,9,0.0,100.0,100.0
SIB-200,mT5,composite_equal,lrl,140,28.242857142857144,89.28571428571429,2.623404143969956,28.0,9,100.0,0.0,16.047077922077925
SIB-200,mT5,lightgbm_lambdarank,hrl,5,176.0,100.0,0.0,1.0,9,0.0,100.0,100.0
SIB-200,mT5,lightgbm_lambdarank,mrl,40,176.0,100.0,0.0,8.0,9,0.0,100.0,100.0
SIB-200,mT5,lightgbm_lambdarank,lrl,140,14.214285714285714,88.57142857142857,2.698580626068047,28.0,9,100.0,0.0,8.0762987012987
SIB-200,mT5,mlp_listnet,hrl,5,176.0,100.0,0.0,1.0,9,0.0,100.0,100.0
SIB-200,mT5,mlp_listnet,mrl,40,176.0,100.0,0.0,8.0,9,0.0,100.0,100.0
SIB-200,mT5,mlp_listnet,lrl,140,35.964285714285715,89.28571428571429,2.623404143969956,28.0,9,100.0,0.0,20.434253246753244
SIB-200,mT5,rrf_equal,hrl,5,176.0,100.0,0.0,1.0,9,0.0,100.0,100.0
SIB-200,mT5,rrf_equal,mrl,40,176.0,100.0,0.0,8.0,9,0.0,100.0,100.0
SIB-200,mT5,rrf_equal,lrl,140,41.457142857142856,88.57142857142857,2.698580626068047,28.0,9,100.0,0.0,23.555194805194805
SIB-200,mT5,single_distals_asjp,hrl,5,176.0,100.0,0.0,1.0,9,0.0,100.0,100.0
SIB-200,mT5,single_distals_asjp,mrl,40,176.0,100.0,0.0,8.0,9,0.0,100.0,100.0
SIB-200,mT5,single_distals_asjp,lrl,140,26.835714285714285,89.28571428571429,2.623404143969956,28.0,9,100.0,0.0,15.247564935064933
SIB-200,mT5,single_distals_wiki_size,hrl,5,176.0,100.0,0.0,1.0,9,0.0,100.0,100.0
SIB-200,mT5,single_distals_wiki_size,mrl,40,176.0,100.0,0.0,8.0,9,0.0,100.0,100.0
SIB-200,mT5,single_distals_wiki_size,lrl,140,26.571428571428573,87.14285714285714,2.839100277060259,28.0,9,100.0,0.0,15.097402597402596
SIB-200,mT5,single_new_gen,hrl,5,176.0,100.0,0.0,1.0,9,0.0,100.0,100.0
SIB-200,mT5,single_new_gen,mrl,40,176.0,100.0,0.0,8.0,9,0.0,100.0,100.0
SIB-200,mT5,single_new_gen,lrl,140,36.75,92.85714285714286,2.184420483744325,28.0,9,100.0,0.0,20.88068181818182
SIB-200,mT5,single_new_geo,hrl,5,176.0,100.0,0.0,1.0,9,0.0,100.0,100.0
SIB-200,mT5,single_new_geo,mrl,40,176.0,100.0,0.0,8.0,9,0.0,100.0,100.0
SIB-200,mT5,single_new_geo,lrl,140,29.942857142857143,90.0,2.5445667890399126,28.0,9,100.0,0.0,17.01298701298702
SIB-200,mT5,single_new_typ,hrl,5,176.0,100.0,0.0,1.0,9,0.0,100.0,100.0
SIB-200,mT5,single_new_typ,mrl,40,176.0,100.0,0.0,8.0,9,0.0,100.0,100.0
SIB-200,mT5,single_new_typ,lrl,140,26.9,88.57142857142857,2.698580626068047,28.0,9,100.0,0.0,15.284090909090912
SIB-200,mT5,single_script,hrl,5,176.0,100.0,0.0,1.0,9,0.0,100.0,100.0
SIB-200,mT5,single_script,mrl,40,176.0,100.0,0.0,8.0,9,0.0,100.0,100.0
SIB-200,mT5,single_script,lrl,140,31.257142857142856,84.28571428571429,3.086859823146824,28.0,9,100.0,0.0,17.759740259740262
Taxi1500,XLM-R,composite_equal,hrl,6,32.0,100.0,0.0,1.0,9,0.0,100.0,100.0
Taxi1500,XLM-R,composite_equal,mrl,26,32.0,100.0,0.0,5.0,9,0.0,100.0,100.0
Taxi1500,XLM-R,composite_equal,lrl,730,21.20684931506849,91.5068493150685,1.0325175725552511,146.0,9,100.0,0.0,66.27140410958904
Taxi1500,XLM-R,lightgbm_lambdarank,hrl,6,32.0,100.0,0.0,1.0,9,0.0,100.0,100.0
Taxi1500,XLM-R,lightgbm_lambdarank,mrl,26,32.0,100.0,0.0,5.0,9,0.0,100.0,100.0
Taxi1500,XLM-R,lightgbm_lambdarank,lrl,730,8.882191780821918,93.97260273972604,0.8814583005777371,146.0,9,100.0,0.0,27.756849315068493
Taxi1500,XLM-R,mlp_listnet,hrl,6,32.0,100.0,0.0,1.0,9,0.0,100.0,100.0
Taxi1500,XLM-R,mlp_listnet,mrl,26,32.0,100.0,0.0,5.0,9,0.0,100.0,100.0
Taxi1500,XLM-R,mlp_listnet,lrl,730,17.942465753424656,91.64383561643837,1.0249232666591075,146.0,9,100.0,0.0,56.07020547945205
Taxi1500,XLM-R,rrf_equal,hrl,6,32.0,100.0,0.0,1.0,9,0.0,100.0,100.0
Taxi1500,XLM-R,rrf_equal,mrl,26,32.0,100.0,0.0,5.0,9,0.0,100.0,100.0
Taxi1500,XLM-R,rrf_equal,lrl,730,23.34931506849315,90.82191780821918,1.0693196345056823,146.0,9,100.0,0.0,72.9666095890411
Taxi1500,XLM-R,single_distals_asjp,hrl,6,32.0,100.0,0.0,1.0,9,0.0,100.0,100.0
Taxi1500,XLM-R,single_distals_asjp,mrl,26,32.0,100.0,0.0,5.0,9,0.0,100.0,100.0
Taxi1500,XLM-R,single_distals_asjp,lrl,730,28.964383561643835,90.13698630136986,1.1043139815657264,146.0,9,100.0,0.0,90.513698630137
Taxi1500,XLM-R,single_distals_wiki_size,hrl,6,32.0,100.0,0.0,1.0,9,0.0,100.0,100.0
Taxi1500,XLM-R,single_distals_wiki_size,mrl,26,32.0,100.0,0.0,5.0,9,0.0,100.0,100.0
Taxi1500,XLM-R,single_distals_wiki_size,lrl,730,25.0,96.84931506849314,0.6469742571814596,146.0,9,100.0,0.0,78.125
Taxi1500,XLM-R,single_new_gen,hrl,6,32.0,100.0,0.0,1.0,9,0.0,100.0,100.0
Taxi1500,XLM-R,single_new_gen,mrl,26,32.0,100.0,0.0,5.0,9,0.0,100.0,100.0
Taxi1500,XLM-R,single_new_gen,lrl,730,23.905479452054795,93.56164383561644,0.909018363154824,146.0,9,100.0,0.0,74.70462328767124
Taxi1500,XLM-R,single_new_geo,hrl,6,32.0,100.0,0.0,1.0,9,0.0,100.0,100.0
Taxi1500,XLM-R,single_new_geo,mrl,26,32.0,100.0,0.0,5.0,9,0.0,100.0,100.0
Taxi1500,XLM-R,single_new_geo,lrl,730,28.68082191780822,86.84931506849315,1.2516808884918742,146.0,9,100.0,0.0,89.62756849315069
Taxi1500,XLM-R,single_new_typ,hrl,6,32.0,100.0,0.0,1.0,9,0.0,100.0,100.0
Taxi1500,XLM-R,single_new_typ,mrl,26,32.0,100.0,0.0,5.0,9,0.0,100.0,100.0
Taxi1500,XLM-R,single_new_typ,lrl,730,22.236986301369864,90.95890410958904,1.0621097195843348,146.0,9,100.0,0.0,69.49058219178083
Taxi1500,XLM-R,single_script,hrl,6,32.0,100.0,0.0,1.0,9,0.0,100.0,100.0
Taxi1500,XLM-R,single_script,mrl,26,32.0,100.0,0.0,5.0,9,0.0,100.0,100.0
Taxi1500,XLM-R,single_script,lrl,730,18.72465753424657,90.82191780821918,1.0693196345056823,146.0,9,100.0,0.0,58.51455479452055
Taxi1500,mT5,composite_equal,hrl,6,32.0,100.0,0.0,1.0,9,0.0,100.0,100.0
Taxi1500,mT5,composite_equal,mrl,26,32.0,100.0,0.0,5.0,9,0.0,100.0,100.0
Taxi1500,mT5,composite_equal,lrl,730,22.534246575342465,90.54794520547944,1.0835242880857143,146.0,9,100.0,0.0,70.4195205479452
Taxi1500,mT5,lightgbm_lambdarank,hrl,6,32.0,100.0,0.0,1.0,9,0.0,100.0,100.0
Taxi1500,mT5,lightgbm_lambdarank,mrl,26,32.0,100.0,0.0,5.0,9,0.0,100.0,100.0
Taxi1500,mT5,lightgbm_lambdarank,lrl,730,10.736986301369862,91.78082191780824,1.0172469637627306,146.0,9,100.0,0.0,33.55308219178082
Taxi1500,mT5,mlp_listnet,hrl,6,32.0,100.0,0.0,1.0,9,0.0,100.0,100.0
Taxi1500,mT5,mlp_listnet,mrl,26,32.0,100.0,0.0,5.0,9,0.0,100.0,100.0
Taxi1500,mT5,mlp_listnet,lrl,730,17.236986301369864,93.28767123287672,0.9267977519523004,146.0,9,100.0,0.0,53.86558219178082
Taxi1500,mT5,rrf_equal,hrl,6,32.0,100.0,0.0,1.0,9,0.0,100.0,100.0
Taxi1500,mT5,rrf_equal,mrl,26,32.0,100.0,0.0,5.0,9,0.0,100.0,100.0
Taxi1500,mT5,rrf_equal,lrl,730,27.327397260273973,91.64383561643837,1.024923266659108,146.0,9,100.0,0.0,85.39811643835617
Taxi1500,mT5,single_distals_asjp,hrl,6,32.0,100.0,0.0,1.0,9,0.0,100.0,100.0
Taxi1500,mT5,single_distals_asjp,mrl,26,32.0,100.0,0.0,5.0,9,0.0,100.0,100.0
Taxi1500,mT5,single_distals_asjp,lrl,730,28.735616438356164,92.19178082191782,0.99370696916627,146.0,9,100.0,0.0,89.79880136986301
Taxi1500,mT5,single_distals_wiki_size,hrl,6,32.0,100.0,0.0,1.0,9,0.0,100.0,100.0
Taxi1500,mT5,single_distals_wiki_size,mrl,26,32.0,100.0,0.0,5.0,9,0.0,100.0,100.0
Taxi1500,mT5,single_distals_wiki_size,lrl,730,30.947945205479453,92.19178082191782,0.99370696916627,146.0,9,100.0,0.0,96.7123287671233
Taxi1500,mT5,single_new_gen,hrl,6,32.0,100.0,0.0,1.0,9,0.0,100.0,100.0
Taxi1500,mT5,single_new_gen,mrl,26,32.0,100.0,0.0,5.0,9,0.0,100.0,100.0
Taxi1500,mT5,single_new_gen,lrl,730,23.90958904109589,95.2054794520548,0.7912975119473475,146.0,9,100.0,0.0,74.71746575342466
Taxi1500,mT5,single_new_geo,hrl,6,32.0,100.0,0.0,1.0,9,0.0,100.0,100.0
Taxi1500,mT5,single_new_geo,mrl,26,32.0,100.0,0.0,5.0,9,0.0,100.0,100.0
Taxi1500,mT5,single_new_geo,lrl,730,28.82054794520548,93.013698630137,0.9441333766270066,146.0,9,100.0,0.0,90.06421232876713
Taxi1500,mT5,single_new_typ,hrl,6,32.0,100.0,0.0,1.0,9,0.0,100.0,100.0
Taxi1500,mT5,single_new_typ,mrl,26,32.0,100.0,0.0,5.0,9,0.0,100.0,100.0
Taxi1500,mT5,single_new_typ,lrl,730,28.0,92.73972602739728,0.9610492516330787,146.0,9,100.0,0.0,87.5
Taxi1500,mT5,single_script,hrl,6,32.0,100.0,0.0,1.0,9,0.0,100.0,100.0
Taxi1500,mT5,single_script,mrl,26,32.0,100.0,0.0,5.0,9,0.0,100.0,100.0
Taxi1500,mT5,single_script,lrl,730,17.68082191780822,92.87671232876713,0.9526423723213464,146.0,9,100.0,0.0,55.25256849315069
UD-POS,XLM-R,composite_equal,hrl,6,73.0,100.0,0.0,1.0,9,0.0,100.0,100.0
UD-POS,XLM-R,composite_equal,mrl,40,73.0,100.0,0.0,8.0,9,0.0,100.0,100.0
UD-POS,XLM-R,composite_equal,lrl,101,60.73267326732673,96.03960396039604,1.9502688716427927,20.0,9,100.0,0.0,83.19544283195442
UD-POS,XLM-R,lightgbm_lambdarank,hrl,6,73.0,100.0,0.0,1.0,9,0.0,100.0,100.0
UD-POS,XLM-R,lightgbm_lambdarank,mrl,40,73.0,100.0,0.0,8.0,9,0.0,100.0,100.0
UD-POS,XLM-R,lightgbm_lambdarank,lrl,101,47.62376237623762,96.03960396039604,1.9502688716427927,20.0,9,100.0,0.0,65.2380306523803
UD-POS,XLM-R,mlp_listnet,hrl,6,73.0,100.0,0.0,1.0,9,0.0,100.0,100.0
UD-POS,XLM-R,mlp_listnet,mrl,40,73.0,100.0,0.0,8.0,9,0.0,100.0,100.0
UD-POS,XLM-R,mlp_listnet,lrl,101,44.76237623762376,95.04950495049503,2.169198247545213,20.0,9,100.0,0.0,61.318323613183246
UD-POS,XLM-R,rrf_equal,hrl,6,73.0,100.0,0.0,1.0,9,0.0,100.0,100.0
UD-POS,XLM-R,rrf_equal,mrl,40,73.0,100.0,0.0,8.0,9,0.0,100.0,100.0
UD-POS,XLM-R,rrf_equal,lrl,101,36.35643564356435,92.07920792079209,2.7006300390071005,20.0,9,100.0,0.0,49.80333649803336
UD-POS,XLM-R,single_distals_asjp,hrl,6,73.0,100.0,0.0,1.0,9,0.0,100.0,100.0
UD-POS,XLM-R,single_distals_asjp,mrl,40,73.0,100.0,0.0,8.0,9,0.0,100.0,100.0
UD-POS,XLM-R,single_distals_asjp,lrl,101,39.42574257425743,89.10891089108911,3.1152738064459946,20.0,9,100.0,0.0,54.00786654007867
UD-POS,XLM-R,single_distals_wiki_size,hrl,6,73.0,100.0,0.0,1.0,9,0.0,100.0,100.0
UD-POS,XLM-R,single_distals_wiki_size,mrl,40,73.0,100.0,0.0,8.0,9,0.0,100.0,100.0
UD-POS,XLM-R,single_distals_wiki_size,lrl,101,43.277227722772274,83.16831683168317,3.741473985681423,20.0,9,100.0,0.0,59.28387359283872
UD-POS,XLM-R,single_new_gen,hrl,6,73.0,100.0,0.0,1.0,9,0.0,100.0,100.0
UD-POS,XLM-R,single_new_gen,mrl,40,73.0,100.0,0.0,8.0,9,0.0,100.0,100.0
UD-POS,XLM-R,single_new_gen,lrl,101,42.99009900990099,91.0891089108911,2.849008825730329,20.0,9,100.0,0.0,58.890546588905465
UD-POS,XLM-R,single_new_geo,hrl,6,73.0,100.0,0.0,1.0,9,0.0,100.0,100.0
UD-POS,XLM-R,single_new_geo,mrl,40,73.0,100.0,0.0,8.0,9,0.0,100.0,100.0
UD-POS,XLM-R,single_new_geo,lrl,101,37.76237623762376,92.07920792079209,2.7006300390071005,20.0,9,100.0,0.0,51.72928251729283
UD-POS,XLM-R,single_new_typ,hrl,6,73.0,100.0,0.0,1.0,9,0.0,100.0,100.0
UD-POS,XLM-R,single_new_typ,mrl,40,73.0,100.0,0.0,8.0,9,0.0,100.0,100.0
UD-POS,XLM-R,single_new_typ,lrl,101,46.15841584158416,87.12871287128714,3.3488187178787654,20.0,9,100.0,0.0,63.230706632307054
UD-POS,XLM-R,single_script,hrl,6,73.0,100.0,0.0,1.0,9,0.0,100.0,100.0
UD-POS,XLM-R,single_script,mrl,40,73.0,100.0,0.0,8.0,9,0.0,100.0,100.0
UD-POS,XLM-R,single_script,lrl,101,42.55445544554456,88.11881188118812,3.235670225419444,20.0,9,100.0,0.0,58.29377458293775
UD-POS,mT5,composite_equal,hrl,6,73.0,100.0,0.0,1.0,9,0.0,100.0,100.0
UD-POS,mT5,composite_equal,mrl,40,73.0,100.0,0.0,8.0,9,0.0,100.0,100.0
UD-POS,mT5,composite_equal,lrl,101,39.08910891089109,87.12871287128714,3.3488187178787645,20.0,9,100.0,0.0,53.54672453546726
UD-POS,mT5,lightgbm_lambdarank,hrl,6,73.0,100.0,0.0,1.0,9,0.0,100.0,100.0
UD-POS,mT5,lightgbm_lambdarank,mrl,40,73.0,100.0,0.0,8.0,9,0.0,100.0,100.0
UD-POS,mT5,lightgbm_lambdarank,lrl,101,33.04950495049505,89.10891089108911,3.115273806445995,20.0,9,100.0,0.0,45.27329445273294
UD-POS,mT5,mlp_listnet,hrl,6,73.0,100.0,0.0,1.0,9,0.0,100.0,100.0
UD-POS,mT5,mlp_listnet,mrl,40,73.0,100.0,0.0,8.0,9,0.0,100.0,100.0
UD-POS,mT5,mlp_listnet,lrl,101,35.28712871287129,85.14851485148515,3.5560960388253413,20.0,9,100.0,0.0,48.33853248338531
UD-POS,mT5,rrf_equal,hrl,6,73.0,100.0,0.0,1.0,9,0.0,100.0,100.0
UD-POS,mT5,rrf_equal,mrl,40,73.0,100.0,0.0,8.0,9,0.0,100.0,100.0
UD-POS,mT5,rrf_equal,lrl,101,27.45544554455445,83.16831683168317,3.741473985681423,20.0,9,100.0,0.0,37.61019937610202
UD-POS,mT5,single_distals_asjp,hrl,6,73.0,100.0,0.0,1.0,9,0.0,100.0,100.0
UD-POS,mT5,single_distals_asjp,mrl,40,73.0,100.0,0.0,8.0,9,0.0,100.0,100.0
UD-POS,mT5,single_distals_asjp,lrl,101,50.148514851485146,88.11881188118812,3.2356702254194443,20.0,9,100.0,0.0,68.69659568696599
UD-POS,mT5,single_distals_wiki_size,hrl,6,73.0,100.0,0.0,1.0,9,0.0,100.0,100.0
UD-POS,mT5,single_distals_wiki_size,mrl,40,73.0,100.0,0.0,8.0,9,0.0,100.0,100.0
UD-POS,mT5,single_distals_wiki_size,lrl,101,62.23762376237624,93.06930693069307,2.539753532352606,20.0,9,100.0,0.0,85.25701885257018
UD-POS,mT5,single_new_gen,hrl,6,73.0,100.0,0.0,1.0,9,0.0,100.0,100.0
UD-POS,mT5,single_new_gen,mrl,40,73.0,100.0,0.0,8.0,9,0.0,100.0,100.0
UD-POS,mT5,single_new_gen,lrl,101,34.35643564356435,81.1881188118812,3.908070169503079,20.0,9,100.0,0.0,47.06361047063611
UD-POS,mT5,single_new_geo,hrl,6,73.0,100.0,0.0,1.0,9,0.0,100.0,100.0
UD-POS,mT5,single_new_geo,mrl,40,73.0,100.0,0.0,8.0,9,0.0,100.0,100.0
UD-POS,mT5,single_new_geo,lrl,101,36.3960396039604,93.06930693069307,2.539753532352606,20.0,9,100.0,0.0,49.85758849857589
UD-POS,mT5,single_new_typ,hrl,6,73.0,100.0,0.0,1.0,9,0.0,100.0,100.0
UD-POS,mT5,single_new_typ,mrl,40,73.0,100.0,0.0,8.0,9,0.0,100.0,100.0
UD-POS,mT5,single_new_typ,lrl,101,40.96039603960397,92.07920792079209,2.7006300390071005,20.0,9,100.0,0.0,56.110131561101305
UD-POS,mT5,single_script,hrl,6,73.0,100.0,0.0,1.0,9,0.0,100.0,100.0
UD-POS,mT5,single_script,mrl,40,73.0,100.0,0.0,8.0,9,0.0,100.0,100.0
UD-POS,mT5,single_script,lrl,101,66.52475247524752,97.02970297029702,1.697666158364579,20.0,9,100.0,0.0,91.129797911298
