method,resource_level,n_folds,mean_trial_complexity,median_trial_complexity,min_trial_complexity,max_trial_complexity,mean_test_pool_size,mean_pool_fraction_pct,near_oracle_hit_rate_pct,near_oracle_hit_rate_se_pct,exact_best_hit_rate_pct,exact_best_hit_rate_se_pct,mean_calibration_size,min_calibration_size,max_calibration_size,minimum_finite_calibration_size,finite_quantile_possible_rate_pct,infinite_threshold_rate_pct,mean_best_in_set_performance_loss_pct,alpha,epsilon,task_key,model_key,task,model
composite_equal,hrl,5,176.0,176.0,176.0,176.0,176.0,100.0,100.0,0.0,100.0,0.0,1.0,1.0,1.0,9,0.0,100.0,0.0,0.1,0.05,sib200,xlm-r,SIB-200,XLM-R
composite_equal,mrl,40,176.0,176.0,176.0,176.0,176.0,100.0,100.0,0.0,100.0,0.0,8.0,8.0,8.0,9,0.0,100.0,0.0,0.1,0.05,sib200,xlm-r,SIB-200,XLM-R
composite_equal,lrl,140,109.52857142857142,113.0,104.0,113.0,176.0,62.23214285714286,93.57142857142856,2.0802784336415368,72.85714285714285,3.77186767508248,28.0,28.0,28.0,9,100.0,0.0,1.034300965072953,0.1,0.05,sib200,xlm-r,SIB-200,XLM-R
lightgbm_lambdarank,hrl,5,176.0,176.0,176.0,176.0,176.0,100.0,100.0,0.0,100.0,0.0,1.0,1.0,1.0,9,0.0,100.0,0.0,0.1,0.05,sib200,xlm-r,SIB-200,XLM-R
lightgbm_lambdarank,mrl,40,176.0,176.0,176.0,176.0,176.0,100.0,100.0,0.0,100.0,0.0,8.0,8.0,8.0,9,0.0,100.0,0.0,0.1,0.05,sib200,xlm-r,SIB-200,XLM-R
lightgbm_lambdarank,lrl,140,46.135714285714286,42.0,12.0,105.0,176.0,26.213474025974023,92.85714285714286,2.184420483744325,57.85714285714286,4.188254651100343,28.0,28.0,28.0,9,100.0,0.0,1.4216022467739808,0.1,0.05,sib200,xlm-r,SIB-200,XLM-R
mlp_listnet,hrl,5,176.0,176.0,176.0,176.0,176.0,100.0,100.0,0.0,100.0,0.0,1.0,1.0,1.0,9,0.0,100.0,0.0,0.1,0.05,sib200,xlm-r,SIB-200,XLM-R
mlp_listnet,mrl,40,176.0,176.0,176.0,176.0,176.0,100.0,100.0,0.0,100.0,0.0,8.0,8.0,8.0,9,0.0,100.0,0.0,0.1,0.05,sib200,xlm-r,SIB-200,XLM-R
mlp_listnet,lrl,140,58.87857142857143,56.0,40.0,127.0,176.0,33.45373376623376,90.0,2.5445667890399126,60.71428571428571,4.142431845483944,28.0,28.0,28.0,9,100.0,0.0,1.4249167295274394,0.1,0.05,sib200,xlm-r,SIB-200,XLM-R
rrf_equal,hrl,5,176.0,176.0,176.0,176.0,176.0,100.0,100.0,0.0,100.0,0.0,1.0,1.0,1.0,9,0.0,100.0,0.0,0.1,0.05,sib200,xlm-r,SIB-200,XLM-R
rrf_equal,mrl,40,176.0,176.0,176.0,176.0,176.0,100.0,100.0,0.0,100.0,0.0,8.0,8.0,8.0,9,0.0,100.0,0.0,0.1,0.05,sib200,xlm-r,SIB-200,XLM-R
rrf_equal,lrl,140,132.68571428571428,135.0,129.0,135.0,176.0,75.3896103896104,95.0,1.84858491475246,80.0,3.392755718719884,28.0,28.0,28.0,9,100.0,0.0,0.7850279170663524,0.1,0.05,sib200,xlm-r,SIB-200,XLM-R
single_distals_asjp,hrl,5,176.0,176.0,176.0,176.0,176.0,100.0,100.0,0.0,100.0,0.0,1.0,1.0,1.0,9,0.0,100.0,0.0,0.1,0.05,sib200,xlm-r,SIB-200,XLM-R
single_distals_asjp,mrl,40,176.0,176.0,176.0,176.0,176.0,100.0,100.0,0.0,100.0,0.0,8.0,8.0,8.0,9,0.0,100.0,0.0,0.1,0.05,sib200,xlm-r,SIB-200,XLM-R
single_distals_asjp,lrl,140,104.53571428571428,114.0,89.0,114.0,176.0,59.3952922077922,94.28571428571428,1.968776982602044,75.71428571428571,3.637114349705701,28.0,28.0,28.0,9,100.0,0.0,0.9077332813989796,0.1,0.05,sib200,xlm-r,SIB-200,XLM-R
single_distals_wiki_size,hrl,5,176.0,176.0,176.0,176.0,176.0,100.0,100.0,0.0,100.0,0.0,1.0,1.0,1.0,9,0.0,100.0,0.0,0.1,0.05,sib200,xlm-r,SIB-200,XLM-R
single_distals_wiki_size,mrl,40,176.0,176.0,176.0,176.0,176.0,100.0,100.0,0.0,100.0,0.0,8.0,8.0,8.0,9,0.0,100.0,0.0,0.1,0.05,sib200,xlm-r,SIB-200,XLM-R
single_distals_wiki_size,lrl,140,101.77142857142856,99.0,85.0,121.0,176.0,57.82467532467533,95.0,1.84858491475246,75.0,3.6727658015579374,28.0,28.0,28.0,9,100.0,0.0,0.6221336360804249,0.1,0.05,sib200,xlm-r,SIB-200,XLM-R
single_new_gen,hrl,5,176.0,176.0,176.0,176.0,176.0,100.0,100.0,0.0,100.0,0.0,1.0,1.0,1.0,9,0.0,100.0,0.0,0.1,0.05,sib200,xlm-r,SIB-200,XLM-R
single_new_gen,mrl,40,176.0,176.0,176.0,176.0,176.0,100.0,100.0,0.0,100.0,0.0,8.0,8.0,8.0,9,0.0,100.0,0.0,0.1,0.05,sib200,xlm-r,SIB-200,XLM-R
single_new_gen,lrl,140,159.77857142857144,160.0,159.0,160.0,176.0,90.7832792207792,97.14285714285714,1.4130710990583526,94.28571428571428,1.968776982602044,28.0,28.0,28.0,9,100.0,0.0,0.2508974288945275,0.1,0.05,sib200,xlm-r,SIB-200,XLM-R
single_new_geo,hrl,5,176.0,176.0,176.0,176.0,176.0,100.0,100.0,0.0,100.0,0.0,1.0,1.0,1.0,9,0.0,100.0,0.0,0.1,0.05,sib200,xlm-r,SIB-200,XLM-R
single_new_geo,mrl,40,176.0,176.0,176.0,176.0,176.0,100.0,100.0,0.0,100.0,0.0,8.0,8.0,8.0,9,0.0,100.0,0.0,0.1,0.05,sib200,xlm-r,SIB-200,XLM-R
single_new_geo,lrl,140,167.97142857142856,168.0,167.0,170.0,176.0,95.43831168831171,95.71428571428572,1.7178790705268918,88.57142857142857,2.698580626068047,28.0,28.0,28.0,9,100.0,0.0,0.5490135318308952,0.1,0.05,sib200,xlm-r,SIB-200,XLM-R
single_new_typ,hrl,5,176.0,176.0,176.0,176.0,176.0,100.0,100.0,0.0,100.0,0.0,1.0,1.0,1.0,9,0.0,100.0,0.0,0.1,0.05,sib200,xlm-r,SIB-200,XLM-R
single_new_typ,mrl,40,176.0,176.0,176.0,176.0,176.0,100.0,100.0,0.0,100.0,0.0,8.0,8.0,8.0,9,0.0,100.0,0.0,0.1,0.05,sib200,xlm-r,SIB-200,XLM-R
single_new_typ,lrl,140,105.72857142857144,107.0,101.0,108.0,176.0,60.07305194805195,95.0,1.84858491475246,69.28571428571428,3.912773055256461,28.0,28.0,28.0,9,100.0,0.0,1.0494798769817024,0.1,0.05,sib200,xlm-r,SIB-200,XLM-R
single_script,hrl,5,176.0,176.0,176.0,176.0,176.0,100.0,100.0,0.0,100.0,0.0,1.0,1.0,1.0,9,0.0,100.0,0.0,0.1,0.05,sib200,xlm-r,SIB-200,XLM-R
single_script,mrl,40,176.0,176.0,176.0,176.0,176.0,100.0,100.0,0.0,100.0,0.0,8.0,8.0,8.0,9,0.0,100.0,0.0,0.1,0.05,sib200,xlm-r,SIB-200,XLM-R
single_script,lrl,140,63.67142857142857,77.0,42.0,77.0,176.0,36.17694805194806,88.57142857142857,2.698580626068047,54.285714285714285,4.225336948005622,28.0,28.0,28.0,9,100.0,0.0,1.8752565171127336,0.1,0.05,sib200,xlm-r,SIB-200,XLM-R
composite_equal,hrl,5,176.0,176.0,176.0,176.0,176.0,100.0,100.0,0.0,100.0,0.0,1.0,1.0,1.0,9,0.0,100.0,0.0,0.1,0.05,sib200,mt5,SIB-200,mT5
composite_equal,mrl,40,176.0,176.0,176.0,176.0,176.0,100.0,100.0,0.0,100.0,0.0,8.0,8.0,8.0,9,0.0,100.0,0.0,0.1,0.05,sib200,mt5,SIB-200,mT5
composite_equal,lrl,140,28.242857142857144,19.0,17.0,44.0,176.0,16.047077922077925,89.28571428571429,2.623404143969956,42.85714285714285,4.197446630351929,28.0,28.0,28.0,9,100.0,0.0,1.643713767408798,0.1,0.05,sib200,mt5,SIB-200,mT5
lightgbm_lambdarank,hrl,5,176.0,176.0,176.0,176.0,176.0,100.0,100.0,0.0,100.0,0.0,1.0,1.0,1.0,9,0.0,100.0,0.0,0.1,0.05,sib200,mt5,SIB-200,mT5
lightgbm_lambdarank,mrl,40,176.0,176.0,176.0,176.0,176.0,100.0,100.0,0.0,100.0,0.0,8.0,8.0,8.0,9,0.0,100.0,0.0,0.1,0.05,sib200,mt5,SIB-200,mT5
lightgbm_lambdarank,lrl,140,14.214285714285714,10.0,4.0,75.0,176.0,8.0762987012987,88.57142857142857,2.698580626068047,35.714285714285715,4.064160223986865,28.0,28.0,28.0,9,100.0,0.0,2.1175849188681406,0.1,0.05,sib200,mt5,SIB-200,mT5
mlp_listnet,hrl,5,176.0,176.0,176.0,176.0,176.0,100.0,100.0,0.0,100.0,0.0,1.0,1.0,1.0,9,0.0,100.0,0.0,0.1,0.05,sib200,mt5,SIB-200,mT5
mlp_listnet,mrl,40,176.0,176.0,176.0,176.0,176.0,100.0,100.0,0.0,100.0,0.0,8.0,8.0,8.0,9,0.0,100.0,0.0,0.1,0.05,sib200,mt5,SIB-200,mT5
mlp_listnet,lrl,140,35.964285714285715,28.0,13.0,76.0,176.0,20.434253246753244,89.28571428571429,2.623404143969956,47.85714285714286,4.237048113266934,28.0,28.0,28.0,9,100.0,0.0,1.5258411477942944,0.1,0.05,sib200,mt5,SIB-200,mT5
rrf_equal,hrl,5,176.0,176.0,176.0,176.0,176.0,100.0,100.0,0.0,100.0,0.0,1.0,1.0,1.0,9,0.0,100.0,0.0,0.1,0.05,sib200,mt5,SIB-200,mT5
rrf_equal,mrl,40,176.0,176.0,176.0,176.0,176.0,100.0,100.0,0.0,100.0,0.0,8.0,8.0,8.0,9,0.0,100.0,0.0,0.1,0.05,sib200,mt5,SIB-200,mT5
rrf_equal,lrl,140,41.457142857142856,28.0,22.0,73.0,176.0,23.555194805194805,88.57142857142857,2.698580626068047,50.0,4.240944648399855,28.0,28.0,28.0,9,100.0,0.0,1.3393425657502789,0.1,0.05,sib200,mt5,SIB-200,mT5
single_distals_asjp,hrl,5,176.0,176.0,176.0,176.0,176.0,100.0,100.0,0.0,100.0,0.0,1.0,1.0,1.0,9,0.0,100.0,0.0,0.1,0.05,sib200,mt5,SIB-200,mT5
single_distals_asjp,mrl,40,176.0,176.0,176.0,176.0,176.0,100.0,100.0,0.0,100.0,0.0,8.0,8.0,8.0,9,0.0,100.0,0.0,0.1,0.05,sib200,mt5,SIB-200,mT5
single_distals_asjp,lrl,140,26.835714285714285,28.0,21.0,32.0,176.0,15.247564935064933,89.28571428571429,2.623404143969956,40.0,4.155260166386663,28.0,28.0,28.0,9,100.0,0.0,1.5694543748025325,0.1,0.05,sib200,mt5,SIB-200,mT5
single_distals_wiki_size,hrl,5,176.0,176.0,176.0,176.0,176.0,100.0,100.0,0.0,100.0,0.0,1.0,1.0,1.0,9,0.0,100.0,0.0,0.1,0.05,sib200,mt5,SIB-200,mT5
single_distals_wiki_size,mrl,40,176.0,176.0,176.0,176.0,176.0,100.0,100.0,0.0,100.0,0.0,8.0,8.0,8.0,9,0.0,100.0,0.0,0.1,0.05,sib200,mt5,SIB-200,mT5
single_distals_wiki_size,lrl,140,26.571428571428573,23.0,19.0,32.0,176.0,15.097402597402596,87.14285714285714,2.839100277060259,32.857142857142854,3.983890626640375,28.0,28.0,28.0,9,100.0,0.0,2.225801480978025,0.1,0.05,sib200,mt5,SIB-200,mT5
single_new_gen,hrl,5,176.0,176.0,176.0,176.0,176.0,100.0,100.0,0.0,100.0,0.0,1.0,1.0,1.0,9,0.0,100.0,0.0,0.1,0.05,sib200,mt5,SIB-200,mT5
single_new_gen,mrl,40,176.0,176.0,176.0,176.0,176.0,100.0,100.0,0.0,100.0,0.0,8.0,8.0,8.0,9,0.0,100.0,0.0,0.1,0.05,sib200,mt5,SIB-200,mT5
single_new_gen,lrl,140,36.75,42.0,26.0,45.0,176.0,20.88068181818182,92.85714285714286,2.184420483744325,47.85714285714286,4.237048113266934,28.0,28.0,28.0,9,100.0,0.0,1.249408775567337,0.1,0.05,sib200,mt5,SIB-200,mT5
single_new_geo,hrl,5,176.0,176.0,176.0,176.0,176.0,100.0,100.0,0.0,100.0,0.0,1.0,1.0,1.0,9,0.0,100.0,0.0,0.1,0.05,sib200,mt5,SIB-200,mT5
single_new_geo,mrl,40,176.0,176.0,176.0,176.0,176.0,100.0,100.0,0.0,100.0,0.0,8.0,8.0,8.0,9,0.0,100.0,0.0,0.1,0.05,sib200,mt5,SIB-200,mT5
single_new_geo,lrl,140,29.942857142857143,26.0,14.0,42.0,176.0,17.01298701298702,90.0,2.5445667890399126,47.85714285714286,4.237048113266934,28.0,28.0,28.0,9,100.0,0.0,1.3733220314935497,0.1,0.05,sib200,mt5,SIB-200,mT5
single_new_typ,hrl,5,176.0,176.0,176.0,176.0,176.0,100.0,100.0,0.0,100.0,0.0,1.0,1.0,1.0,9,0.0,100.0,0.0,0.1,0.05,sib200,mt5,SIB-200,mT5
single_new_typ,mrl,40,176.0,176.0,176.0,176.0,176.0,100.0,100.0,0.0,100.0,0.0,8.0,8.0,8.0,9,0.0,100.0,0.0,0.1,0.05,sib200,mt5,SIB-200,mT5
single_new_typ,lrl,140,26.9,29.0,13.0,42.0,176.0,15.284090909090912,88.57142857142857,2.698580626068047,40.0,4.155260166386662,28.0,28.0,28.0,9,100.0,0.0,1.7870479263071646,0.1,0.05,sib200,mt5,SIB-200,mT5
single_script,hrl,5,176.0,176.0,176.0,176.0,176.0,100.0,100.0,0.0,100.0,0.0,1.0,1.0,1.0,9,0.0,100.0,0.0,0.1,0.05,sib200,mt5,SIB-200,mT5
single_script,mrl,40,176.0,176.0,176.0,176.0,176.0,100.0,100.0,0.0,100.0,0.0,8.0,8.0,8.0,9,0.0,100.0,0.0,0.1,0.05,sib200,mt5,SIB-200,mT5
single_script,lrl,140,31.257142857142856,32.0,25.0,34.0,176.0,17.759740259740262,84.28571428571429,3.086859823146824,35.0,4.045603351148027,28.0,28.0,28.0,9,100.0,0.0,2.3899949307492863,0.1,0.05,sib200,mt5,SIB-200,mT5
composite_equal,hrl,6,32.0,32.0,32.0,32.0,32.0,100.0,100.0,0.0,100.0,0.0,1.0,1.0,1.0,9,0.0,100.0,0.0,0.1,0.05,taxi1500,xlm-r,Taxi1500,XLM-R
composite_equal,mrl,26,32.0,32.0,32.0,32.0,32.0,100.0,100.0,0.0,100.0,0.0,5.0,5.0,5.0,9,0.0,100.0,0.0,0.1,0.05,taxi1500,xlm-r,Taxi1500,XLM-R
composite_equal,lrl,730,21.20684931506849,21.0,19.0,22.0,32.0,66.27140410958904,91.5068493150685,1.0325175725552511,87.94520547945206,1.2059303514354605,146.0,146.0,146.0,9,100.0,0.0,1.3716735362706745,0.1,0.05,taxi1500,xlm-r,Taxi1500,XLM-R
lightgbm_lambdarank,hrl,6,32.0,32.0,32.0,32.0,32.0,100.0,100.0,0.0,100.0,0.0,1.0,1.0,1.0,9,0.0,100.0,0.0,0.1,0.05,taxi1500,xlm-r,Taxi1500,XLM-R
lightgbm_lambdarank,mrl,26,32.0,32.0,32.0,32.0,32.0,100.0,100.0,0.0,100.0,0.0,5.0,5.0,5.0,9,0.0,100.0,0.0,0.1,0.05,taxi1500,xlm-r,Taxi1500,XLM-R
lightgbm_lambdarank,lrl,730,8.882191780821918,9.0,6.0,12.0,32.0,27.756849315068493,93.97260273972604,0.8814583005777371,89.86301369863014,1.1178438846409264,146.0,146.0,146.0,9,100.0,0.0,0.919780058401865,0.1,0.05,taxi1500,xlm-r,Taxi1500,XLM-R
mlp_listnet,hrl,6,32.0,32.0,32.0,32.0,32.0,100.0,100.0,0.0,100.0,0.0,1.0,1.0,1.0,9,0.0,100.0,0.0,0.1,0.05,taxi1500,xlm-r,Taxi1500,XLM-R
mlp_listnet,mrl,26,32.0,32.0,32.0,32.0,32.0,100.0,100.0,0.0,100.0,0.0,5.0,5.0,5.0,9,0.0,100.0,0.0,0.1,0.05,taxi1500,xlm-r,Taxi1500,XLM-R
mlp_listnet,lrl,730,17.942465753424656,18.0,16.0,20.0,32.0,56.07020547945205,91.64383561643837,1.0249232666591075,87.3972602739726,1.229186066806936,146.0,146.0,146.0,9,100.0,0.0,1.2808285663738446,0.1,0.05,taxi1500,xlm-r,Taxi1500,XLM-R
rrf_equal,hrl,6,32.0,32.0,32.0,32.0,32.0,100.0,100.0,0.0,100.0,0.0,1.0,1.0,1.0,9,0.0,100.0,0.0,0.1,0.05,taxi1500,xlm-r,Taxi1500,XLM-R
rrf_equal,mrl,26,32.0,32.0,32.0,32.0,32.0,100.0,100.0,0.0,100.0,0.0,5.0,5.0,5.0,9,0.0,100.0,0.0,0.1,0.05,taxi1500,xlm-r,Taxi1500,XLM-R
rrf_equal,lrl,730,23.34931506849315,23.0,22.0,25.0,32.0,72.9666095890411,90.82191780821918,1.0693196345056823,87.3972602739726,1.229186066806936,146.0,146.0,146.0,9,100.0,0.0,1.547618228271875,0.1,0.05,taxi1500,xlm-r,Taxi1500,XLM-R
single_distals_asjp,hrl,6,32.0,32.0,32.0,32.0,32.0,100.0,100.0,0.0,100.0,0.0,1.0,1.0,1.0,9,0.0,100.0,0.0,0.1,0.05,taxi1500,xlm-r,Taxi1500,XLM-R
single_distals_asjp,mrl,26,32.0,32.0,32.0,32.0,32.0,100.0,100.0,0.0,100.0,0.0,5.0,5.0,5.0,9,0.0,100.0,0.0,0.1,0.05,taxi1500,xlm-r,Taxi1500,XLM-R
single_distals_asjp,lrl,730,28.964383561643835,29.0,28.0,29.0,32.0,90.513698630137,90.13698630136986,1.1043139815657264,87.8082191780822,1.2118179852315791,146.0,146.0,146.0,9,100.0,0.0,2.240802103964655,0.1,0.05,taxi1500,xlm-r,Taxi1500,XLM-R
single_distals_wiki_size,hrl,6,32.0,32.0,32.0,32.0,32.0,100.0,100.0,0.0,100.0,0.0,1.0,1.0,1.0,9,0.0,100.0,0.0,0.1,0.05,taxi1500,xlm-r,Taxi1500,XLM-R
single_distals_wiki_size,mrl,26,32.0,32.0,32.0,32.0,32.0,100.0,100.0,0.0,100.0,0.0,5.0,5.0,5.0,9,0.0,100.0,0.0,0.1,0.05,taxi1500,xlm-r,Taxi1500,XLM-R
single_distals_wiki_size,lrl,730,25.0,25.0,25.0,25.0,32.0,78.125,96.84931506849314,0.6469742571814596,94.52054794520548,0.8428842072976231,146.0,146.0,146.0,9,100.0,0.0,0.6613718299594933,0.1,0.05,taxi1500,xlm-r,Taxi1500,XLM-R
single_new_gen,hrl,6,32.0,32.0,32.0,32.0,32.0,100.0,100.0,0.0,100.0,0.0,1.0,1.0,1.0,9,0.0,100.0,0.0,0.1,0.05,taxi1500,xlm-r,Taxi1500,XLM-R
single_new_gen,mrl,26,32.0,32.0,32.0,32.0,32.0,100.0,100.0,0.0,100.0,0.0,5.0,5.0,5.0,9,0.0,100.0,0.0,0.1,0.05,taxi1500,xlm-r,Taxi1500,XLM-R
single_new_gen,lrl,730,23.905479452054795,24.0,23.0,24.0,32.0,74.70462328767124,93.56164383561644,0.909018363154824,88.63013698630137,1.1757217766328996,146.0,146.0,146.0,9,100.0,0.0,0.9945414050304192,0.1,0.05,taxi1500,xlm-r,Taxi1500,XLM-R
single_new_geo,hrl,6,32.0,32.0,32.0,32.0,32.0,100.0,100.0,0.0,100.0,0.0,1.0,1.0,1.0,9,0.0,100.0,0.0,0.1,0.05,taxi1500,xlm-r,Taxi1500,XLM-R
single_new_geo,mrl,26,32.0,32.0,32.0,32.0,32.0,100.0,100.0,0.0,100.0,0.0,5.0,5.0,5.0,9,0.0,100.0,0.0,0.1,0.05,taxi1500,xlm-r,Taxi1500,XLM-R
single_new_geo,lrl,730,28.68082191780822,29.0,28.0,29.0,32.0,89.62756849315069,86.84931506849315,1.2516808884918742,83.83561643835617,1.3634213501710009,146.0,146.0,146.0,9,100.0,0.0,2.7822140395886774,0.1,0.05,taxi1500,xlm-r,Taxi1500,XLM-R
single_new_typ,hrl,6,32.0,32.0,32.0,32.0,32.0,100.0,100.0,0.0,100.0,0.0,1.0,1.0,1.0,9,0.0,100.0,0.0,0.1,0.05,taxi1500,xlm-r,Taxi1500,XLM-R
single_new_typ,mrl,26,32.0,32.0,32.0,32.0,32.0,100.0,100.0,0.0,100.0,0.0,5.0,5.0,5.0,9,0.0,100.0,0.0,0.1,0.05,taxi1500,xlm-r,Taxi1500,XLM-R
single_new_typ,lrl,730,22.236986301369864,22.0,18.0,24.0,32.0,69.49058219178083,90.95890410958904,1.0621097195843348,86.16438356164383,1.278790453037388,146.0,146.0,146.0,9,100.0,0.0,1.3647469391810745,0.1,0.05,taxi1500,xlm-r,Taxi1500,XLM-R
single_script,hrl,6,32.0,32.0,32.0,32.0,32.0,100.0,100.0,0.0,100.0,0.0,1.0,1.0,1.0,9,0.0,100.0,0.0,0.1,0.05,taxi1500,xlm-r,Taxi1500,XLM-R
single_script,mrl,26,32.0,32.0,32.0,32.0,32.0,100.0,100.0,0.0,100.0,0.0,5.0,5.0,5.0,9,0.0,100.0,0.0,0.1,0.05,taxi1500,xlm-r,Taxi1500,XLM-R
single_script,lrl,730,18.72465753424657,19.0,16.0,22.0,32.0,58.51455479452055,90.82191780821918,1.0693196345056823,86.02739726027397,1.2840835531759234,146.0,146.0,146.0,9,100.0,0.0,1.4035028037387225,0.1,0.05,taxi1500,xlm-r,Taxi1500,XLM-R
composite_equal,hrl,6,32.0,32.0,32.0,32.0,32.0,100.0,100.0,0.0,100.0,0.0,1.0,1.0,1.0,9,0.0,100.0,0.0,0.1,0.05,taxi1500,mt5,Taxi1500,mT5
composite_equal,mrl,26,32.0,32.0,32.0,32.0,32.0,100.0,100.0,0.0,100.0,0.0,5.0,5.0,5.0,9,0.0,100.0,0.0,0.1,0.05,taxi1500,mt5,Taxi1500,mT5
composite_equal,lrl,730,22.534246575342465,23.0,21.0,24.0,32.0,70.4195205479452,90.54794520547944,1.0835242880857143,87.3972602739726,1.229186066806936,146.0,146.0,146.0,9,100.0,0.0,1.2763713128092469,0.1,0.05,taxi1500,mt5,Taxi1500,mT5
lightgbm_lambdarank,hrl,6,32.0,32.0,32.0,32.0,32.0,100.0,100.0,0.0,100.0,0.0,1.0,1.0,1.0,9,0.0,100.0,0.0,0.1,0.05,taxi1500,mt5,Taxi1500,mT5
lightgbm_lambdarank,mrl,26,32.0,32.0,32.0,32.0,32.0,100.0,100.0,0.0,100.0,0.0,5.0,5.0,5.0,9,0.0,100.0,0.0,0.1,0.05,taxi1500,mt5,Taxi1500,mT5
lightgbm_lambdarank,lrl,730,10.736986301369862,11.0,8.0,13.0,32.0,33.55308219178082,91.78082191780824,1.0172469637627306,87.26027397260275,1.2348794576864128,146.0,146.0,146.0,9,100.0,0.0,1.2500809341769044,0.1,0.05,taxi1500,mt5,Taxi1500,mT5
mlp_listnet,hrl,6,32.0,32.0,32.0,32.0,32.0,100.0,100.0,0.0,100.0,0.0,1.0,1.0,1.0,9,0.0,100.0,0.0,0.1,0.05,taxi1500,mt5,Taxi1500,mT5
mlp_listnet,mrl,26,32.0,32.0,32.0,32.0,32.0,100.0,100.0,0.0,100.0,0.0,5.0,5.0,5.0,9,0.0,100.0,0.0,0.1,0.05,taxi1500,mt5,Taxi1500,mT5
mlp_listnet,lrl,730,17.236986301369864,17.0,14.0,20.0,32.0,53.86558219178082,93.28767123287672,0.9267977519523004,90.13698630136986,1.1043139815657264,146.0,146.0,146.0,9,100.0,0.0,0.9379423175723104,0.1,0.05,taxi1500,mt5,Taxi1500,mT5
rrf_equal,hrl,6,32.0,32.0,32.0,32.0,32.0,100.0,100.0,0.0,100.0,0.0,1.0,1.0,1.0,9,0.0,100.0,0.0,0.1,0.05,taxi1500,mt5,Taxi1500,mT5
rrf_equal,mrl,26,32.0,32.0,32.0,32.0,32.0,100.0,100.0,0.0,100.0,0.0,5.0,5.0,5.0,9,0.0,100.0,0.0,0.1,0.05,taxi1500,mt5,Taxi1500,mT5
rrf_equal,lrl,730,27.327397260273973,27.0,26.0,28.0,32.0,85.39811643835617,91.64383561643837,1.024923266659108,88.08219178082192,1.1999923806163566,146.0,146.0,146.0,9,100.0,0.0,1.1403850314343296,0.1,0.05,taxi1500,mt5,Taxi1500,mT5
single_distals_asjp,hrl,6,32.0,32.0,32.0,32.0,32.0,100.0,100.0,0.0,100.0,0.0,1.0,1.0,1.0,9,0.0,100.0,0.0,0.1,0.05,taxi1500,mt5,Taxi1500,mT5
single_distals_asjp,mrl,26,32.0,32.0,32.0,32.0,32.0,100.0,100.0,0.0,100.0,0.0,5.0,5.0,5.0,9,0.0,100.0,0.0,0.1,0.05,taxi1500,mt5,Taxi1500,mT5
single_distals_asjp,lrl,730,28.735616438356164,29.0,28.0,30.0,32.0,89.79880136986301,92.19178082191782,0.99370696916627,88.63013698630137,1.1757217766328998,146.0,146.0,146.0,9,100.0,0.0,1.2700272765302876,0.1,0.05,taxi1500,mt5,Taxi1500,mT5
single_distals_wiki_size,hrl,6,32.0,32.0,32.0,32.0,32.0,100.0,100.0,0.0,100.0,0.0,1.0,1.0,1.0,9,0.0,100.0,0.0,0.1,0.05,taxi1500,mt5,Taxi1500,mT5
single_distals_wiki_size,mrl,26,32.0,32.0,32.0,32.0,32.0,100.0,100.0,0.0,100.0,0.0,5.0,5.0,5.0,9,0.0,100.0,0.0,0.1,0.05,taxi1500,mt5,Taxi1500,mT5
single_distals_wiki_size,lrl,730,30.947945205479453,31.0,30.0,32.0,32.0,96.7123287671233,92.19178082191782,0.99370696916627,89.45205479452055,1.1376674404508251,146.0,146.0,146.0,9,100.0,0.0,1.1309007992008655,0.1,0.05,taxi1500,mt5,Taxi1500,mT5
single_new_gen,hrl,6,32.0,32.0,32.0,32.0,32.0,100.0,100.0,0.0,100.0,0.0,1.0,1.0,1.0,9,0.0,100.0,0.0,0.1,0.05,taxi1500,mt5,Taxi1500,mT5
single_new_gen,mrl,26,32.0,32.0,32.0,32.0,32.0,100.0,100.0,0.0,100.0,0.0,5.0,5.0,5.0,9,0.0,100.0,0.0,0.1,0.05,taxi1500,mt5,Taxi1500,mT5
single_new_gen,lrl,730,23.90958904109589,24.0,23.0,24.0,32.0,74.71746575342466,95.2054794520548,0.7912975119473475,91.91780821917808,1.0094867933119973,146.0,146.0,146.0,9,100.0,0.0,0.6847540837822509,0.1,0.05,taxi1500,mt5,Taxi1500,mT5
single_new_geo,hrl,6,32.0,32.0,32.0,32.0,32.0,100.0,100.0,0.0,100.0,0.0,1.0,1.0,1.0,9,0.0,100.0,0.0,0.1,0.05,taxi1500,mt5,Taxi1500,mT5
single_new_geo,mrl,26,32.0,32.0,32.0,32.0,32.0,100.0,100.0,0.0,100.0,0.0,5.0,5.0,5.0,9,0.0,100.0,0.0,0.1,0.05,taxi1500,mt5,Taxi1500,mT5
single_new_geo,lrl,730,28.82054794520548,29.0,28.0,29.0,32.0,90.06421232876713,93.013698630137,0.9441333766270066,90.41095890410958,1.0905218295385428,146.0,146.0,146.0,9,100.0,0.0,0.9635020028461498,0.1,0.05,taxi1500,mt5,Taxi1500,mT5
single_new_typ,hrl,6,32.0,32.0,32.0,32.0,32.0,100.0,100.0,0.0,100.0,0.0,1.0,1.0,1.0,9,0.0,100.0,0.0,0.1,0.05,taxi1500,mt5,Taxi1500,mT5
single_new_typ,mrl,26,32.0,32.0,32.0,32.0,32.0,100.0,100.0,0.0,100.0,0.0,5.0,5.0,5.0,9,0.0,100.0,0.0,0.1,0.05,taxi1500,mt5,Taxi1500,mT5
single_new_typ,lrl,730,28.0,28.0,28.0,28.0,32.0,87.5,92.73972602739728,0.9610492516330787,90.68493150684932,1.0764573483816002,146.0,146.0,146.0,9,100.0,0.0,1.056091304168303,0.1,0.05,taxi1500,mt5,Taxi1500,mT5
single_script,hrl,6,32.0,32.0,32.0,32.0,32.0,100.0,100.0,0.0,100.0,0.0,1.0,1.0,1.0,9,0.0,100.0,0.0,0.1,0.05,taxi1500,mt5,Taxi1500,mT5
single_script,mrl,26,32.0,32.0,32.0,32.0,32.0,100.0,100.0,0.0,100.0,0.0,5.0,5.0,5.0,9,0.0,100.0,0.0,0.1,0.05,taxi1500,mt5,Taxi1500,mT5
single_script,lrl,730,17.68082191780822,18.0,15.0,21.0,32.0,55.25256849315069,92.87671232876713,0.9526423723213464,88.76712328767124,1.1695204086635342,146.0,146.0,146.0,9,100.0,0.0,1.0101681710369026,0.1,0.05,taxi1500,mt5,Taxi1500,mT5
composite_equal,hrl,6,73.0,73.0,73.0,73.0,73.0,100.0,100.0,0.0,100.0,0.0,1.0,1.0,1.0,9,0.0,100.0,0.0,0.1,0.05,ud_pos,xlm-r,UD-POS,XLM-R
composite_equal,mrl,40,73.0,73.0,73.0,73.0,73.0,100.0,100.0,0.0,100.0,0.0,8.0,8.0,8.0,9,0.0,100.0,0.0,0.1,0.05,ud_pos,xlm-r,UD-POS,XLM-R
composite_equal,lrl,101,60.73267326732673,65.0,42.0,65.0,73.0,83.19544283195442,96.03960396039604,1.9502688716427927,94.05940594059405,2.363828987388777,20.0,20.0,20.0,9,100.0,0.0,0.5795914067631784,0.1,0.05,ud_pos,xlm-r,UD-POS,XLM-R
lightgbm_lambdarank,hrl,6,73.0,73.0,73.0,73.0,73.0,100.0,100.0,0.0,100.0,0.0,1.0,1.0,1.0,9,0.0,100.0,0.0,0.1,0.05,ud_pos,xlm-r,UD-POS,XLM-R
lightgbm_lambdarank,mrl,40,73.0,73.0,73.0,73.0,73.0,100.0,100.0,0.0,100.0,0.0,8.0,8.0,8.0,9,0.0,100.0,0.0,0.1,0.05,ud_pos,xlm-r,UD-POS,XLM-R
lightgbm_lambdarank,lrl,101,47.62376237623762,52.0,22.0,64.0,73.0,65.2380306523803,96.03960396039604,1.9502688716427927,92.07920792079209,2.7006300390071005,20.0,20.0,20.0,9,100.0,0.0,0.6176274400338599,0.1,0.05,ud_pos,xlm-r,UD-POS,XLM-R
mlp_listnet,hrl,6,73.0,73.0,73.0,73.0,73.0,100.0,100.0,0.0,100.0,0.0,1.0,1.0,1.0,9,0.0,100.0,0.0,0.1,0.05,ud_pos,xlm-r,UD-POS,XLM-R
mlp_listnet,mrl,40,73.0,73.0,73.0,73.0,73.0,100.0,100.0,0.0,100.0,0.0,8.0,8.0,8.0,9,0.0,100.0,0.0,0.1,0.05,ud_pos,xlm-r,UD-POS,XLM-R
mlp_listnet,lrl,101,44.76237623762376,47.0,28.0,51.0,73.0,61.318323613183246,95.04950495049503,2.169198247545213,93.06930693069307,2.539753532352606,20.0,20.0,20.0,9,100.0,0.0,0.6809220281459981,0.1,0.05,ud_pos,xlm-r,UD-POS,XLM-R
rrf_equal,hrl,6,73.0,73.0,73.0,73.0,73.0,100.0,100.0,0.0,100.0,0.0,1.0,1.0,1.0,9,0.0,100.0,0.0,0.1,0.05,ud_pos,xlm-r,UD-POS,XLM-R
rrf_equal,mrl,40,73.0,73.0,73.0,73.0,73.0,100.0,100.0,0.0,100.0,0.0,8.0,8.0,8.0,9,0.0,100.0,0.0,0.1,0.05,ud_pos,xlm-r,UD-POS,XLM-R
rrf_equal,lrl,101,36.35643564356435,36.0,25.0,53.0,73.0,49.80333649803336,92.07920792079209,2.7006300390071005,88.11881188118812,3.235670225419444,20.0,20.0,20.0,9,100.0,0.0,1.52011087512796,0.1,0.05,ud_pos,xlm-r,UD-POS,XLM-R
single_distals_asjp,hrl,6,73.0,73.0,73.0,73.0,73.0,100.0,100.0,0.0,100.0,0.0,1.0,1.0,1.0,9,0.0,100.0,0.0,0.1,0.05,ud_pos,xlm-r,UD-POS,XLM-R
single_distals_asjp,mrl,40,73.0,73.0,73.0,73.0,73.0,100.0,100.0,0.0,100.0,0.0,8.0,8.0,8.0,9,0.0,100.0,0.0,0.1,0.05,ud_pos,xlm-r,UD-POS,XLM-R
single_distals_asjp,lrl,101,39.42574257425743,44.0,29.0,48.0,73.0,54.00786654007867,89.10891089108911,3.1152738064459946,83.16831683168317,3.741473985681423,20.0,20.0,20.0,9,100.0,0.0,1.4436242633681522,0.1,0.05,ud_pos,xlm-r,UD-POS,XLM-R
single_distals_wiki_size,hrl,6,73.0,73.0,73.0,73.0,73.0,100.0,100.0,0.0,100.0,0.0,1.0,1.0,1.0,9,0.0,100.0,0.0,0.1,0.05,ud_pos,xlm-r,UD-POS,XLM-R
single_distals_wiki_size,mrl,40,73.0,73.0,73.0,73.0,73.0,100.0,100.0,0.0,100.0,0.0,8.0,8.0,8.0,9,0.0,100.0,0.0,0.1,0.05,ud_pos,xlm-r,UD-POS,XLM-R
single_distals_wiki_size,lrl,101,43.277227722772274,38.0,35.0,61.0,73.0,59.28387359283872,83.16831683168317,3.741473985681423,80.19801980198021,3.985071643068932,20.0,20.0,20.0,9,100.0,0.0,2.7269573079073868,0.1,0.05,ud_pos,xlm-r,UD-POS,XLM-R
single_new_gen,hrl,6,73.0,73.0,73.0,73.0,73.0,100.0,100.0,0.0,100.0,0.0,1.0,1.0,1.0,9,0.0,100.0,0.0,0.1,0.05,ud_pos,xlm-r,UD-POS,XLM-R
single_new_gen,mrl,40,73.0,73.0,73.0,73.0,73.0,100.0,100.0,0.0,100.0,0.0,8.0,8.0,8.0,9,0.0,100.0,0.0,0.1,0.05,ud_pos,xlm-r,UD-POS,XLM-R
single_new_gen,lrl,101,42.99009900990099,43.0,24.0,59.0,73.0,58.890546588905465,91.0891089108911,2.849008825730329,85.14851485148515,3.5560960388253413,20.0,20.0,20.0,9,100.0,0.0,1.249554655482899,0.1,0.05,ud_pos,xlm-r,UD-POS,XLM-R
single_new_geo,hrl,6,73.0,73.0,73.0,73.0,73.0,100.0,100.0,0.0,100.0,0.0,1.0,1.0,1.0,9,0.0,100.0,0.0,0.1,0.05,ud_pos,xlm-r,UD-POS,XLM-R
single_new_geo,mrl,40,73.0,73.0,73.0,73.0,73.0,100.0,100.0,0.0,100.0,0.0,8.0,8.0,8.0,9,0.0,100.0,0.0,0.1,0.05,ud_pos,xlm-r,UD-POS,XLM-R
single_new_geo,lrl,101,37.76237623762376,40.0,22.0,55.0,73.0,51.72928251729283,92.07920792079209,2.7006300390071005,91.0891089108911,2.849008825730328,20.0,20.0,20.0,9,100.0,0.0,1.2469813557340523,0.1,0.05,ud_pos,xlm-r,UD-POS,XLM-R
single_new_typ,hrl,6,73.0,73.0,73.0,73.0,73.0,100.0,100.0,0.0,100.0,0.0,1.0,1.0,1.0,9,0.0,100.0,0.0,0.1,0.05,ud_pos,xlm-r,UD-POS,XLM-R
single_new_typ,mrl,40,73.0,73.0,73.0,73.0,73.0,100.0,100.0,0.0,100.0,0.0,8.0,8.0,8.0,9,0.0,100.0,0.0,0.1,0.05,ud_pos,xlm-r,UD-POS,XLM-R
single_new_typ,lrl,101,46.15841584158416,60.0,18.0,70.0,73.0,63.230706632307054,87.12871287128714,3.3488187178787654,83.16831683168317,3.741473985681423,20.0,20.0,20.0,9,100.0,0.0,1.6993926601627507,0.1,0.05,ud_pos,xlm-r,UD-POS,XLM-R
single_script,hrl,6,73.0,73.0,73.0,73.0,73.0,100.0,100.0,0.0,100.0,0.0,1.0,1.0,1.0,9,0.0,100.0,0.0,0.1,0.05,ud_pos,xlm-r,UD-POS,XLM-R
single_script,mrl,40,73.0,73.0,73.0,73.0,73.0,100.0,100.0,0.0,100.0,0.0,8.0,8.0,8.0,9,0.0,100.0,0.0,0.1,0.05,ud_pos,xlm-r,UD-POS,XLM-R
single_script,lrl,101,42.55445544554456,42.0,34.0,50.0,73.0,58.29377458293775,88.11881188118812,3.235670225419444,83.16831683168317,3.741473985681423,20.0,20.0,20.0,9,100.0,0.0,1.8636605824488388,0.1,0.05,ud_pos,xlm-r,UD-POS,XLM-R
composite_equal,hrl,6,73.0,73.0,73.0,73.0,73.0,100.0,100.0,0.0,100.0,0.0,1.0,1.0,1.0,9,0.0,100.0,0.0,0.1,0.05,ud_pos,mt5,UD-POS,mT5
composite_equal,mrl,40,73.0,73.0,73.0,73.0,73.0,100.0,100.0,0.0,100.0,0.0,8.0,8.0,8.0,9,0.0,100.0,0.0,0.1,0.05,ud_pos,mt5,UD-POS,mT5
composite_equal,lrl,101,39.08910891089109,38.0,22.0,48.0,73.0,53.54672453546726,87.12871287128714,3.3488187178787645,77.22772277227723,4.193627442484629,20.0,20.0,20.0,9,100.0,0.0,1.8277844781913728,0.1,0.05,ud_pos,mt5,UD-POS,mT5
lightgbm_lambdarank,hrl,6,73.0,73.0,73.0,73.0,73.0,100.0,100.0,0.0,100.0,0.0,1.0,1.0,1.0,9,0.0,100.0,0.0,0.1,0.05,ud_pos,mt5,UD-POS,mT5
lightgbm_lambdarank,mrl,40,73.0,73.0,73.0,73.0,73.0,100.0,100.0,0.0,100.0,0.0,8.0,8.0,8.0,9,0.0,100.0,0.0,0.1,0.05,ud_pos,mt5,UD-POS,mT5
lightgbm_lambdarank,lrl,101,33.04950495049505,32.0,15.0,58.0,73.0,45.27329445273294,89.10891089108911,3.115273806445995,80.19801980198021,3.985071643068932,20.0,20.0,20.0,9,100.0,0.0,1.6557849619730762,0.1,0.05,ud_pos,mt5,UD-POS,mT5
mlp_listnet,hrl,6,73.0,73.0,73.0,73.0,73.0,100.0,100.0,0.0,100.0,0.0,1.0,1.0,1.0,9,0.0,100.0,0.0,0.1,0.05,ud_pos,mt5,UD-POS,mT5
mlp_listnet,mrl,40,73.0,73.0,73.0,73.0,73.0,100.0,100.0,0.0,100.0,0.0,8.0,8.0,8.0,9,0.0,100.0,0.0,0.1,0.05,ud_pos,mt5,UD-POS,mT5
mlp_listnet,lrl,101,35.28712871287129,37.0,15.0,45.0,73.0,48.33853248338531,85.14851485148515,3.5560960388253413,74.25742574257426,4.372158844716756,20.0,20.0,20.0,9,100.0,0.0,2.3090303683183637,0.1,0.05,ud_pos,mt5,UD-POS,mT5
rrf_equal,hrl,6,73.0,73.0,73.0,73.0,73.0,100.0,100.0,0.0,100.0,0.0,1.0,1.0,1.0,9,0.0,100.0,0.0,0.1,0.05,ud_pos,mt5,UD-POS,mT5
rrf_equal,mrl,40,73.0,73.0,73.0,73.0,73.0,100.0,100.0,0.0,100.0,0.0,8.0,8.0,8.0,9,0.0,100.0,0.0,0.1,0.05,ud_pos,mt5,UD-POS,mT5
rrf_equal,lrl,101,27.45544554455445,26.0,20.0,47.0,73.0,37.61019937610202,83.16831683168317,3.741473985681423,72.27722772277228,4.476298833844482,20.0,20.0,20.0,9,100.0,0.0,2.489181375942948,0.1,0.05,ud_pos,mt5,UD-POS,mT5
single_distals_asjp,hrl,6,73.0,73.0,73.0,73.0,73.0,100.0,100.0,0.0,100.0,0.0,1.0,1.0,1.0,9,0.0,100.0,0.0,0.1,0.05,ud_pos,mt5,UD-POS,mT5
single_distals_asjp,mrl,40,73.0,73.0,73.0,73.0,73.0,100.0,100.0,0.0,100.0,0.0,8.0,8.0,8.0,9,0.0,100.0,0.0,0.1,0.05,ud_pos,mt5,UD-POS,mT5
single_distals_asjp,lrl,101,50.148514851485146,55.0,19.0,55.0,73.0,68.69659568696599,88.11881188118812,3.2356702254194443,85.14851485148515,3.5560960388253413,20.0,20.0,20.0,9,100.0,0.0,1.589299256651703,0.1,0.05,ud_pos,mt5,UD-POS,mT5
single_distals_wiki_size,hrl,6,73.0,73.0,73.0,73.0,73.0,100.0,100.0,0.0,100.0,0.0,1.0,1.0,1.0,9,0.0,100.0,0.0,0.1,0.05,ud_pos,mt5,UD-POS,mT5
single_distals_wiki_size,mrl,40,73.0,73.0,73.0,73.0,73.0,100.0,100.0,0.0,100.0,0.0,8.0,8.0,8.0,9,0.0,100.0,0.0,0.1,0.05,ud_pos,mt5,UD-POS,mT5
single_distals_wiki_size,lrl,101,62.23762376237624,66.0,51.0,66.0,73.0,85.25701885257018,93.06930693069307,2.539753532352606,85.14851485148515,3.5560960388253404,20.0,20.0,20.0,9,100.0,0.0,0.7322200402213699,0.1,0.05,ud_pos,mt5,UD-POS,mT5
single_new_gen,hrl,6,73.0,73.0,73.0,73.0,73.0,100.0,100.0,0.0,100.0,0.0,1.0,1.0,1.0,9,0.0,100.0,0.0,0.1,0.05,ud_pos,mt5,UD-POS,mT5
single_new_gen,mrl,40,73.0,73.0,73.0,73.0,73.0,100.0,100.0,0.0,100.0,0.0,8.0,8.0,8.0,9,0.0,100.0,0.0,0.1,0.05,ud_pos,mt5,UD-POS,mT5
single_new_gen,lrl,101,34.35643564356435,27.0,27.0,57.0,73.0,47.06361047063611,81.1881188118812,3.908070169503079,72.27722772277228,4.476298833844482,20.0,20.0,20.0,9,100.0,0.0,2.5502514344537355,0.1,0.05,ud_pos,mt5,UD-POS,mT5
single_new_geo,hrl,6,73.0,73.0,73.0,73.0,73.0,100.0,100.0,0.0,100.0,0.0,1.0,1.0,1.0,9,0.0,100.0,0.0,0.1,0.05,ud_pos,mt5,UD-POS,mT5
single_new_geo,mrl,40,73.0,73.0,73.0,73.0,73.0,100.0,100.0,0.0,100.0,0.0,8.0,8.0,8.0,9,0.0,100.0,0.0,0.1,0.05,ud_pos,mt5,UD-POS,mT5
single_new_geo,lrl,101,36.3960396039604,36.0,28.0,38.0,73.0,49.85758849857589,93.06930693069307,2.539753532352606,80.19801980198021,3.985071643068932,20.0,20.0,20.0,9,100.0,0.0,1.1615980180552463,0.1,0.05,ud_pos,mt5,UD-POS,mT5
single_new_typ,hrl,6,73.0,73.0,73.0,73.0,73.0,100.0,100.0,0.0,100.0,0.0,1.0,1.0,1.0,9,0.0,100.0,0.0,0.1,0.05,ud_pos,mt5,UD-POS,mT5
single_new_typ,mrl,40,73.0,73.0,73.0,73.0,73.0,100.0,100.0,0.0,100.0,0.0,8.0,8.0,8.0,9,0.0,100.0,0.0,0.1,0.05,ud_pos,mt5,UD-POS,mT5
single_new_typ,lrl,101,40.96039603960397,41.0,37.0,41.0,73.0,56.110131561101305,92.07920792079209,2.7006300390071005,81.1881188118812,3.908070169503079,20.0,20.0,20.0,9,100.0,0.0,0.7347062470940121,0.1,0.05,ud_pos,mt5,UD-POS,mT5
single_script,hrl,6,73.0,73.0,73.0,73.0,73.0,100.0,100.0,0.0,100.0,0.0,1.0,1.0,1.0,9,0.0,100.0,0.0,0.1,0.05,ud_pos,mt5,UD-POS,mT5
single_script,mrl,40,73.0,73.0,73.0,73.0,73.0,100.0,100.0,0.0,100.0,0.0,8.0,8.0,8.0,9,0.0,100.0,0.0,0.1,0.05,ud_pos,mt5,UD-POS,mT5
single_script,lrl,101,66.52475247524752,67.0,43.0,67.0,73.0,91.129797911298,97.02970297029702,1.697666158364579,92.07920792079209,2.7006300390071005,20.0,20.0,20.0,9,100.0,0.0,0.4620470065868113,0.1,0.05,ud_pos,mt5,UD-POS,mT5
